	imputation_median_imputation_score	ll_ll	t_cv_ks_pval	t_cv_ks_stat	t_cv_phi_gen_gene	t_cv_phi_real_gene	t_dropout_ks_pval	t_dropout_ks_stat	t_dropout_phi_gen_gene	t_dropout_phi_real_gene	t_ratio_ks_pval	t_ratio_ks_stat	t_ratio_phi_gen_gene	t_ratio_phi_real_gene
0	4.435301780700684	443.779296875	1.5505547466854487e-45	1.0	"[0.52795976 0.51311535 0.5339205  0.565543   0.521203   0.5077831
 0.5817604  0.51971775 0.54059434 0.5443159  0.5246014  0.5183015
 0.51678705 0.53786385 0.51713526 0.56533957 0.55397034 0.52703446
 0.5635347  0.5259379  0.51410353 0.50278443 0.5640025  0.5582928
 0.52308035 0.53702503 0.51973873 0.5172521  0.55823386 0.5566054
 0.5317862  0.5086058  0.5560354  0.48988333 0.5350724  0.5570484
 0.54185045 0.51751935 0.5025397  0.52103907 0.5025769  0.5174505
 0.50658756 0.5254257  0.51389945 0.5205465  0.54740405 0.47764692
 0.51816386 0.5054949  0.5223217  0.58012664 0.5831626  0.511331
 0.5297917  0.52745044 0.5527354  0.527332   0.5141973  0.5053945
 0.5396751  0.4944052  0.52541095 0.5780966  0.5106444  0.4900551
 0.5078542  0.55874354 0.547029   0.50169736 0.5289788  0.53215194
 0.5752659  0.51026255 0.5526192  0.52031213 0.5075242  0.5331588
 0.49309725 0.5520773  0.5404736  0.52627647 0.56444377 0.5496226
 0.53398955 0.5332819  0.5279504  0.5235351  0.5648907  0.51952296
 0.51111865 0.519546   0.5434863  0.5026377  0.5615899  0.484945
 0.51790375 0.5586326  0.5586973  0.5393858 ]"	"[[1.1346716  1.1237041  1.1905329  ... 1.0822468  1.1712434  0.99825317]
 [1.825109   1.2343619  1.4271412  ... 1.2725623  1.1167841  1.2611493 ]
 [1.2139722  1.1517572  1.1767116  ... 1.3340276  1.3318813  1.1867033 ]
 ...
 [1.825766   1.8888874  1.8053025  ... 1.6407617  2.077793   1.898769  ]
 [1.5984901  1.7325108  1.5545709  ... 1.5563753  1.4168653  1.6522473 ]
 [0.75095785 0.7151957  0.7418602  ... 0.7034684  0.7096646  0.7601361 ]]"	1.9271763142800174e-39	0.9299999999999999	"[0.00357143 0.00357143 0.         0.01071429 0.00357143 0.
 0.         0.         0.         0.         0.00357143 0.
 0.00357143 0.00357143 0.00357143 0.         0.01428571 0.
 0.         0.00357143 0.         0.         0.         0.
 0.00357143 0.00357143 0.         0.         0.         0.00357143
 0.00357143 0.         0.         0.         0.00714286 0.00714286
 0.00357143 0.         0.00357143 0.         0.         0.00357143
 0.00357143 0.         0.00357143 0.         0.00357143 0.00357143
 0.00357143 0.00357143 0.00357143 0.00357143 0.         0.
 0.         0.00357143 0.         0.         0.00357143 0.
 0.00357143 0.00357143 0.00714286 0.         0.00714286 0.
 0.00357143 0.00357143 0.         0.         0.00357143 0.00357143
 0.00357143 0.00357143 0.         0.00714286 0.00357143 0.00714286
 0.         0.         0.00357143 0.00357143 0.00714286 0.
 0.         0.         0.00357143 0.00357143 0.00357143 0.
 0.         0.         0.00357143 0.         0.00357143 0.
 0.         0.         0.         0.        ]"	"[[0.06785714 0.04642857 0.08928571 ... 0.06785714 0.08214286 0.06428571]
 [0.08928571 0.11071429 0.08571429 ... 0.10714286 0.09642857 0.125     ]
 [0.11428571 0.10357143 0.14285714 ... 0.10714286 0.14642857 0.125     ]
 ...
 [0.33928571 0.4        0.36785714 ... 0.375      0.39285714 0.32857143]
 [0.26071429 0.21785714 0.21428571 ... 0.23214286 0.21071429 0.24285714]
 [0.00357143 0.         0.01071429 ... 0.00357143 0.00714286 0.00357143]]"	1.3166383261562092e-38	0.9199999999999999	"[0.08040346 0.08318426 0.         0.25443968 0.08129371 0.
 0.         0.         0.         0.         0.07982833 0.
 0.0853211  0.08740602 0.08865586 0.         0.34116193 0.
 0.         0.0842137  0.         0.         0.         0.
 0.0843155  0.08919437 0.         0.         0.         0.09052563
 0.08259325 0.         0.         0.         0.18657718 0.16144019
 0.08513885 0.         0.08261771 0.         0.         0.08686177
 0.08385933 0.         0.08865586 0.         0.08968177 0.08563536
 0.08608454 0.08434099 0.08323389 0.08383413 0.         0.
 0.         0.0882074  0.         0.         0.08871224 0.
 0.08145985 0.08809599 0.17429467 0.         0.17234966 0.
 0.08568796 0.08627087 0.         0.         0.08301101 0.08232517
 0.0813174  0.08328358 0.         0.16817907 0.08770827 0.17288557
 0.         0.         0.08254438 0.08378378 0.16848485 0.
 0.         0.         0.08637771 0.08519084 0.08953787 0.
 0.         0.         0.08423913 0.         0.08773585 0.
 0.         0.         0.         0.        ]"	"[[2.40901332 1.77763858 1.88133908 ... 1.38856016 1.25078666 1.7287234 ]
 [2.37352328 2.86684073 2.21834061 ... 2.58283133 2.55885363 2.51086582]
 [2.27802691 2.78463203 3.30101466 ... 2.95433128 2.82419929 3.25788562]
 ...
 [8.26214029 7.30759903 8.46055046 ... 9.97865353 9.00358607 8.78431373]
 [5.52517986 5.17253121 7.39251337 ... 6.19991565 4.58280135 5.97733105]
 [0.22142286 0.072      0.07728532 ... 0.15031089 0.1513749  0.        ]]"
1	31.492820739746094	579.6044921875	1.5505547466854487e-45	1.0	"[0.52795976 0.5131154  0.5339207  0.565543   0.5212031  0.50778323
 0.58176047 0.51971775 0.54059434 0.5443159  0.52460134 0.5183015
 0.516787   0.53786397 0.51713526 0.5653395  0.55397046 0.5270346
 0.56353456 0.52593803 0.51410365 0.50278443 0.56400245 0.55829287
 0.52308035 0.53702503 0.51973885 0.51725215 0.55823386 0.5566056
 0.531786   0.5086058  0.5560354  0.48988333 0.5350723  0.55704844
 0.54185045 0.51751953 0.5025397  0.52103907 0.5025768  0.51745063
 0.5065876  0.5254257  0.51389945 0.52054644 0.5474041  0.4776468
 0.5181639  0.5054949  0.5223217  0.58012676 0.5831626  0.5113311
 0.52979183 0.5274504  0.5527354  0.5273318  0.5141973  0.50539446
 0.539675   0.49440524 0.525411   0.5780967  0.51064444 0.49005508
 0.50785416 0.55874366 0.54702884 0.5016974  0.52897877 0.53215194
 0.5752659  0.51026255 0.55261916 0.520312   0.5075242  0.5331588
 0.49309716 0.5520773  0.5404736  0.52627647 0.5644439  0.5496227
 0.5339895  0.5332819  0.52795047 0.52353513 0.5648908  0.51952296
 0.5111186  0.5195459  0.54348624 0.5026376  0.5615897  0.484945
 0.5179038  0.5586327  0.55869746 0.5393858 ]"	"[[0.67905515 0.7367533  0.7624049  ... 0.7428567  0.7393207  0.7223642 ]
 [0.9438414  1.1703427  0.9402069  ... 1.0236315  1.0792032  1.0577717 ]
 [1.2211176  1.1520616  1.300965   ... 1.165001   1.1861596  1.080694  ]
 ...
 [3.749894   5.153269   3.291343   ... 3.7524686  3.276854   3.3252404 ]
 [1.256008   1.2966394  1.3672314  ... 1.3101153  1.2935183  1.5124475 ]
 [0.74633765 0.7155393  0.7211831  ... 0.73008335 0.6917705  0.683069  ]]"	1.5505547466854487e-45	1.0	"[0.00357143 0.00357143 0.         0.01071429 0.00357143 0.
 0.         0.         0.         0.         0.00357143 0.
 0.00357143 0.00357143 0.00357143 0.         0.01428571 0.
 0.         0.00357143 0.         0.         0.         0.
 0.00357143 0.00357143 0.         0.         0.         0.00357143
 0.00357143 0.         0.         0.         0.00714286 0.00714286
 0.00357143 0.         0.00357143 0.         0.         0.00357143
 0.00357143 0.         0.00357143 0.         0.00357143 0.00357143
 0.00357143 0.00357143 0.00357143 0.00357143 0.         0.
 0.         0.00357143 0.         0.         0.00357143 0.
 0.00357143 0.00357143 0.00714286 0.         0.00714286 0.
 0.00357143 0.00357143 0.         0.         0.00357143 0.00357143
 0.00357143 0.00357143 0.         0.00714286 0.00357143 0.00714286
 0.         0.         0.00357143 0.00357143 0.00714286 0.
 0.         0.         0.00357143 0.00357143 0.00357143 0.
 0.         0.         0.00357143 0.         0.00357143 0.
 0.         0.         0.         0.        ]"	"[[0.02142857 0.025      0.025      ... 0.025      0.02857143 0.05357143]
 [0.07142857 0.15       0.075      ... 0.11428571 0.08928571 0.11785714]
 [0.13571429 0.16428571 0.20714286 ... 0.11785714 0.15714286 0.14642857]
 ...
 [0.73214286 0.76785714 0.79642857 ... 0.775      0.775      0.81428571]
 [0.18571429 0.19642857 0.18928571 ... 0.18571429 0.15714286 0.18571429]
 [0.04285714 0.03214286 0.03571429 ... 0.01785714 0.03214286 0.01071429]]"	1.5505547466854487e-45	1.0	"[0.08040346 0.08318426 0.         0.25443968 0.08129371 0.
 0.         0.         0.         0.         0.07982833 0.
 0.0853211  0.08740602 0.08865586 0.         0.34116193 0.
 0.         0.0842137  0.         0.         0.         0.
 0.0843155  0.08919437 0.         0.         0.         0.09052563
 0.08259325 0.         0.         0.         0.18657718 0.16144019
 0.08513885 0.         0.08261771 0.         0.         0.08686177
 0.08385933 0.         0.08865586 0.         0.08968177 0.08563536
 0.08608454 0.08434099 0.08323389 0.08383413 0.         0.
 0.         0.0882074  0.         0.         0.08871224 0.
 0.08145985 0.08809599 0.17429467 0.         0.17234966 0.
 0.08568796 0.08627087 0.         0.         0.08301101 0.08232517
 0.0813174  0.08328358 0.         0.16817907 0.08770827 0.17288557
 0.         0.         0.08254438 0.08378378 0.16848485 0.
 0.         0.         0.08637771 0.08519084 0.08953787 0.
 0.         0.         0.08423913 0.         0.08773585 0.
 0.         0.         0.         0.        ]"	"[[ 0.55144855  0.67634038  1.04214559 ...  0.83072259  0.78924628
   0.81588089]
 [ 2.82872928  3.88546256  2.61687414 ...  3.86842105  3.9556962
   4.49769585]
 [ 5.26618705  5.7839871   4.16151023 ...  5.49127446  6.89557976
   5.39158576]
 ...
 [16.17161716 20.54447439 12.74934952 ... 13.63878676 18.56760049
  16.54881266]
 [ 6.03991597  6.71459577  5.85955362 ...  6.86479592  7.67283163
   7.29684909]
 [ 1.43431895  1.45631068  0.69339385 ...  1.24884793  1.14767932
   1.10850739]]"
2	8.877559661865234	485.7853190104167	1.5505547466854487e-45	1.0	"[0.5279599  0.5131154  0.53392065 0.56554306 0.5212031  0.5077832
 0.58176047 0.5197177  0.5405943  0.5443159  0.5246014  0.51830167
 0.516787   0.537864   0.5171354  0.5653394  0.55397034 0.5270345
 0.56353456 0.525938   0.51410365 0.50278443 0.5640025  0.5582927
 0.52308035 0.537025   0.51973885 0.51725215 0.55823386 0.5566053
 0.5317861  0.5086057  0.55603546 0.48988333 0.53507245 0.55704844
 0.5418505  0.51751935 0.50253975 0.52103907 0.502577   0.5174506
 0.5065877  0.5254258  0.51389956 0.5205464  0.54740405 0.47764686
 0.5181639  0.5054949  0.5223216  0.5801266  0.5831626  0.5113312
 0.52979183 0.5274504  0.5527354  0.5273318  0.5141972  0.5053945
 0.5396749  0.49440524 0.525411   0.57809657 0.5106443  0.4900552
 0.5078543  0.5587436  0.5470289  0.5016974  0.5289785  0.53215194
 0.5752659  0.5102627  0.55261916 0.5203119  0.50752413 0.5331587
 0.49309745 0.5520773  0.54047364 0.52627665 0.5644438  0.5496227
 0.5339894  0.53328204 0.5279504  0.52353513 0.5648908  0.51952296
 0.51111865 0.519546   0.54348624 0.50263774 0.5615898  0.48494506
 0.5179038  0.5586327  0.55869746 0.5393858 ]"	"[[2.162862   2.751212   2.6435046  ... 2.2970314  1.8647414  2.3956952 ]
 [0.67522633 0.61345816 0.6732871  ... 0.62056994 0.64517224 0.63388735]
 [2.1198213  1.5357742  1.5319179  ... 2.0143597  1.925407   1.7588094 ]
 ...
 [1.5018481  1.4484631  1.4608511  ... 1.4057597  1.5766991  1.5149043 ]
 [1.1558799  1.4742048  1.4852359  ... 1.2822393  1.4489777  1.4103175 ]
 [0.8432048  1.0259408  0.9618611  ... 1.1243514  0.94969076 1.0209584 ]]"	7.186545667411268e-43	0.97	"[0.00357143 0.00357143 0.         0.01071429 0.00357143 0.
 0.         0.         0.         0.         0.00357143 0.
 0.00357143 0.00357143 0.00357143 0.         0.01428571 0.
 0.         0.00357143 0.         0.         0.         0.
 0.00357143 0.00357143 0.         0.         0.         0.00357143
 0.00357143 0.         0.         0.         0.00714286 0.00714286
 0.00357143 0.         0.00357143 0.         0.         0.00357143
 0.00357143 0.         0.00357143 0.         0.00357143 0.00357143
 0.00357143 0.00357143 0.00357143 0.00357143 0.         0.
 0.         0.00357143 0.         0.         0.00357143 0.
 0.00357143 0.00357143 0.00714286 0.         0.00714286 0.
 0.00357143 0.00357143 0.         0.         0.00357143 0.00357143
 0.00357143 0.00357143 0.         0.00714286 0.00357143 0.00714286
 0.         0.         0.00357143 0.00357143 0.00714286 0.
 0.         0.         0.00357143 0.00357143 0.00357143 0.
 0.         0.         0.00357143 0.         0.00357143 0.
 0.         0.         0.         0.        ]"	"[[0.48928571 0.44285714 0.49642857 ... 0.45       0.48928571 0.39642857]
 [0.01071429 0.02142857 0.00357143 ... 0.00714286 0.01071429 0.01071429]
 [0.26428571 0.3        0.31071429 ... 0.26785714 0.29285714 0.26428571]
 ...
 [0.18928571 0.16071429 0.17142857 ... 0.18928571 0.18928571 0.22857143]
 [0.18928571 0.15357143 0.16071429 ... 0.20714286 0.18214286 0.19285714]
 [0.08214286 0.10714286 0.07857143 ... 0.06428571 0.06785714 0.07857143]]"	9.481228281626575e-44	0.98	"[0.08040346 0.08318426 0.         0.25443968 0.08129371 0.
 0.         0.         0.         0.         0.07982833 0.
 0.0853211  0.08740602 0.08865586 0.         0.34116193 0.
 0.         0.0842137  0.         0.         0.         0.
 0.0843155  0.08919437 0.         0.         0.         0.09052563
 0.08259325 0.         0.         0.         0.18657718 0.16144019
 0.08513885 0.         0.08261771 0.         0.         0.08686177
 0.08385933 0.         0.08865586 0.         0.08968177 0.08563536
 0.08608454 0.08434099 0.08323389 0.08383413 0.         0.
 0.         0.0882074  0.         0.         0.08871224 0.
 0.08145985 0.08809599 0.17429467 0.         0.17234966 0.
 0.08568796 0.08627087 0.         0.         0.08301101 0.08232517
 0.0813174  0.08328358 0.         0.16817907 0.08770827 0.17288557
 0.         0.         0.08254438 0.08378378 0.16848485 0.
 0.         0.         0.08637771 0.08519084 0.08953787 0.
 0.         0.         0.08423913 0.         0.08773585 0.
 0.         0.         0.         0.        ]"	"[[ 9.78891688  8.85825688 11.02850627 ... 10.64437194  8.27664298
   7.83136594]
 [ 0.82158212  0.43949045  0.30383912 ...  0.21221374  0.10480841
   0.21769773]
 [ 6.8680203   5.70266326  6.95936396 ...  6.95787234  7.19157609
   8.09371884]
 ...
 [ 5.10814304  5.97902765  4.9050819  ...  4.91702867  5.35651075
   5.17227635]
 [ 4.19947507  6.81234064  4.83274492 ...  4.58392633  4.21599675
   3.74429967]
 [ 2.40675896  2.33533705  2.20024272 ...  2.07121097  1.88489209
   2.29881657]]"
3	4.448533535003662	577.6185546875	1.5505547466854487e-45	1.0	"[0.5279598  0.51311535 0.53392065 0.5655431  0.5212031  0.5077833
 0.5817604  0.51971775 0.5405942  0.5443159  0.5246012  0.5183015
 0.51678705 0.5378639  0.51713526 0.5653395  0.55397046 0.5270346
 0.56353456 0.52593803 0.5141037  0.50278443 0.5640024  0.55829287
 0.52308035 0.5370251  0.51973885 0.51725215 0.55823386 0.5566054
 0.531786   0.50860584 0.5560355  0.48988333 0.53507227 0.5570485
 0.5418504  0.5175195  0.50253975 0.52103907 0.5025769  0.5174506
 0.50658756 0.5254256  0.51389945 0.5205463  0.54740405 0.47764683
 0.51816386 0.505495   0.5223217  0.58012664 0.58316267 0.511331
 0.5297918  0.5274504  0.5527354  0.527332   0.5141973  0.5053944
 0.539675   0.49440524 0.52541095 0.5780966  0.5106444  0.4900552
 0.50785416 0.55874366 0.54702884 0.50169754 0.52897877 0.53215206
 0.5752659  0.5102627  0.5526193  0.5203121  0.5075242  0.5331587
 0.49309716 0.5520773  0.5404735  0.5262765  0.5644439  0.5496226
 0.53398955 0.5332818  0.5279504  0.52353495 0.5648908  0.5195229
 0.5111187  0.519546   0.54348624 0.5026376  0.56158966 0.48494506
 0.51790386 0.5586327  0.55869746 0.5393858 ]"	"[[1.4753423  1.8448302  1.3572606  ... 1.7478149  1.4559361  1.8764387 ]
 [3.8660612  3.5316155  3.6258783  ... 3.4557827  3.1645002  3.5809114 ]
 [0.9293181  1.1371562  1.0015533  ... 1.029708   1.0227568  0.99680156]
 ...
 [1.7078403  1.3107537  1.3346536  ... 1.3997672  1.4257002  2.2056456 ]
 [1.0364113  0.9736148  0.9435107  ... 1.0905205  1.1332629  0.97557086]
 [1.0513806  1.1420472  1.2137073  ... 1.0743783  1.0082847  1.1302476 ]]"	1.5505547466854487e-45	1.0	"[0.00357143 0.00357143 0.         0.01071429 0.00357143 0.
 0.         0.         0.         0.         0.00357143 0.
 0.00357143 0.00357143 0.00357143 0.         0.01428571 0.
 0.         0.00357143 0.         0.         0.         0.
 0.00357143 0.00357143 0.         0.         0.         0.00357143
 0.00357143 0.         0.         0.         0.00714286 0.00714286
 0.00357143 0.         0.00357143 0.         0.         0.00357143
 0.00357143 0.         0.00357143 0.         0.00357143 0.00357143
 0.00357143 0.00357143 0.00357143 0.00357143 0.         0.
 0.         0.00357143 0.         0.         0.00357143 0.
 0.00357143 0.00357143 0.00714286 0.         0.00714286 0.
 0.00357143 0.00357143 0.         0.         0.00357143 0.00357143
 0.00357143 0.00357143 0.         0.00714286 0.00357143 0.00714286
 0.         0.         0.00357143 0.00357143 0.00714286 0.
 0.         0.         0.00357143 0.00357143 0.00357143 0.
 0.         0.         0.00357143 0.         0.00357143 0.
 0.         0.         0.         0.        ]"	"[[0.3        0.33928571 0.33571429 ... 0.30357143 0.31428571 0.34642857]
 [0.75357143 0.77142857 0.79642857 ... 0.71785714 0.69642857 0.74642857]
 [0.08571429 0.09642857 0.09642857 ... 0.1        0.1        0.11428571]
 ...
 [0.24642857 0.26785714 0.225      ... 0.26071429 0.24285714 0.26428571]
 [0.09285714 0.12142857 0.07142857 ... 0.11785714 0.10357143 0.11785714]
 [0.10714286 0.12142857 0.09285714 ... 0.08928571 0.10357143 0.09642857]]"	1.5505547466854487e-45	1.0	"[0.08040346 0.08318426 0.         0.25443968 0.08129371 0.
 0.         0.         0.         0.         0.07982833 0.
 0.0853211  0.08740602 0.08865586 0.         0.34116193 0.
 0.         0.0842137  0.         0.         0.         0.
 0.0843155  0.08919437 0.         0.         0.         0.09052563
 0.08259325 0.         0.         0.         0.18657718 0.16144019
 0.08513885 0.         0.08261771 0.         0.         0.08686177
 0.08385933 0.         0.08865586 0.         0.08968177 0.08563536
 0.08608454 0.08434099 0.08323389 0.08383413 0.         0.
 0.         0.0882074  0.         0.         0.08871224 0.
 0.08145985 0.08809599 0.17429467 0.         0.17234966 0.
 0.08568796 0.08627087 0.         0.         0.08301101 0.08232517
 0.0813174  0.08328358 0.         0.16817907 0.08770827 0.17288557
 0.         0.         0.08254438 0.08378378 0.16848485 0.
 0.         0.         0.08637771 0.08519084 0.08953787 0.
 0.         0.         0.08423913 0.         0.08773585 0.
 0.         0.         0.         0.        ]"	"[[ 9.52125399 10.98253012 10.17612639 ...  9.26405999 11.67481824
   8.96732026]
 [12.34676806 17.70215176 16.57515658 ... 18.06698002 16.77922078
  12.0477997 ]
 [ 2.94821429  2.23076923  2.63877266 ...  3.54733456  3.00565771
   3.46902655]
 ...
 [ 7.69124931  8.95150115  6.21757106 ...  7.98701299 10.09418838
   7.52980501]
 [ 3.25272206  3.8981289   4.18573893 ...  3.78540773  3.97993982
   2.41748024]
 [ 4.76918799  4.81465969  4.21679065 ...  3.89668094  4.54264453
   4.06477093]]"
4	9.230118751525879	756.9544921875	1.5505547466854487e-45	1.0	"[0.52795994 0.5131154  0.53392065 0.5655431  0.52120316 0.50778323
 0.5817605  0.51971775 0.54059434 0.5443159  0.5246013  0.51830155
 0.51678705 0.53786397 0.51713526 0.5653395  0.5539703  0.52703434
 0.5635347  0.52593786 0.5141036  0.5027844  0.5640026  0.55829275
 0.5230804  0.5370249  0.51973873 0.51725197 0.55823386 0.55660546
 0.5317861  0.5086058  0.55603546 0.48988333 0.5350723  0.55704844
 0.5418504  0.5175195  0.50253975 0.5210392  0.5025769  0.5174505
 0.50658745 0.5254256  0.51389945 0.5205463  0.54740405 0.47764692
 0.51816374 0.505495   0.5223217  0.58012664 0.5831628  0.51133114
 0.5297919  0.52745044 0.5527354  0.5273318  0.5141972  0.5053945
 0.539675   0.49440524 0.52541095 0.5780967  0.5106443  0.49005517
 0.50785416 0.55874366 0.54702884 0.5016975  0.52897877 0.53215194
 0.57526594 0.51026267 0.5526192  0.5203121  0.50752413 0.53315866
 0.49309722 0.55207723 0.54047364 0.5262766  0.5644437  0.5496226
 0.5339894  0.5332819  0.5279505  0.5235352  0.564891   0.51952296
 0.5111186  0.51954603 0.54348636 0.5026378  0.5615897  0.48494512
 0.51790386 0.5586327  0.5586975  0.5393859 ]"	"[[1.1541871  1.2047772  1.169586   ... 1.0885775  1.1232355  1.0439681 ]
 [1.4187124  1.4794538  1.982999   ... 1.5315217  1.495354   1.4861963 ]
 [0.94565636 1.0552831  0.87870073 ... 0.9338817  0.871198   1.0245677 ]
 ...
 [1.3050193  1.1694845  1.1830909  ... 1.2984873  1.1706389  1.3028193 ]
 [1.7780788  1.7465985  1.8770359  ... 1.9472954  2.1499956  1.7870512 ]
 [0.9904301  1.0297688  0.9762085  ... 0.8883267  1.0218896  1.0223669 ]]"	1.5505547466854487e-45	1.0	"[0.00357143 0.00357143 0.         0.01071429 0.00357143 0.
 0.         0.         0.         0.         0.00357143 0.
 0.00357143 0.00357143 0.00357143 0.         0.01428571 0.
 0.         0.00357143 0.         0.         0.         0.
 0.00357143 0.00357143 0.         0.         0.         0.00357143
 0.00357143 0.         0.         0.         0.00714286 0.00714286
 0.00357143 0.         0.00357143 0.         0.         0.00357143
 0.00357143 0.         0.00357143 0.         0.00357143 0.00357143
 0.00357143 0.00357143 0.00357143 0.00357143 0.         0.
 0.         0.00357143 0.         0.         0.00357143 0.
 0.00357143 0.00357143 0.00714286 0.         0.00714286 0.
 0.00357143 0.00357143 0.         0.         0.00357143 0.00357143
 0.00357143 0.00357143 0.         0.00714286 0.00357143 0.00714286
 0.         0.         0.00357143 0.00357143 0.00714286 0.
 0.         0.         0.00357143 0.00357143 0.00357143 0.
 0.         0.         0.00357143 0.         0.00357143 0.
 0.         0.         0.         0.        ]"	"[[0.19642857 0.175      0.15357143 ... 0.12857143 0.13928571 0.17142857]
 [0.30714286 0.27857143 0.33928571 ... 0.29642857 0.28928571 0.32857143]
 [0.07142857 0.10357143 0.11428571 ... 0.10357143 0.12142857 0.11428571]
 ...
 [0.2        0.20714286 0.22857143 ... 0.23928571 0.22857143 0.21785714]
 [0.46785714 0.42142857 0.41428571 ... 0.38214286 0.43214286 0.49285714]
 [0.13214286 0.14642857 0.15714286 ... 0.11785714 0.15714286 0.12857143]]"	1.5505547466854487e-45	1.0	"[0.08040346 0.08318426 0.         0.25443968 0.08129371 0.
 0.         0.         0.         0.         0.07982833 0.
 0.0853211  0.08740602 0.08865586 0.         0.34116193 0.
 0.         0.0842137  0.         0.         0.         0.
 0.0843155  0.08919437 0.         0.         0.         0.09052563
 0.08259325 0.         0.         0.         0.18657718 0.16144019
 0.08513885 0.         0.08261771 0.         0.         0.08686177
 0.08385933 0.         0.08865586 0.         0.08968177 0.08563536
 0.08608454 0.08434099 0.08323389 0.08383413 0.         0.
 0.         0.0882074  0.         0.         0.08871224 0.
 0.08145985 0.08809599 0.17429467 0.         0.17234966 0.
 0.08568796 0.08627087 0.         0.         0.08301101 0.08232517
 0.0813174  0.08328358 0.         0.16817907 0.08770827 0.17288557
 0.         0.         0.08254438 0.08378378 0.16848485 0.
 0.         0.         0.08637771 0.08519084 0.08953787 0.
 0.         0.         0.08423913 0.         0.08773585 0.
 0.         0.         0.         0.        ]"	"[[ 9.19069767  6.46694796  7.62799401 ...  9.0324826   9.3877551
  10.29885057]
 [12.46635731 13.69834711 12.38826185 ... 11.06638116 12.94615994
  12.34185537]
 [ 7.21801347  6.03330866  5.41321586 ...  4.49780381  5.27897682
   5.84330053]
 ...
 [11.92905405 11.91235392 13.15741675 ... 10.5836039  10.44282238
  11.80141844]
 [22.56654888 19.45076142 16.50342466 ... 15.26613546 20.14554974
  17.4894785 ]
 [ 5.76479631  7.60201707  5.29661017 ...  7.05755948  4.8343949
   6.96666667]]"
5	22.305213928222656	516.63916015625	1.5505547466854487e-45	1.0	"[0.5279599  0.5131154  0.53392076 0.56554306 0.52120316 0.50778323
 0.58176047 0.5197178  0.5405942  0.5443159  0.52460134 0.5183014
 0.5167872  0.53786415 0.5171354  0.5653394  0.55397034 0.5270346
 0.5635346  0.525938   0.5141035  0.50278443 0.56400234 0.55829275
 0.52308035 0.53702503 0.51973885 0.517252   0.5582338  0.5566054
 0.5317861  0.5086058  0.5560354  0.48988333 0.5350723  0.55704844
 0.54185045 0.5175195  0.5025399  0.5210391  0.502577   0.51745063
 0.50658745 0.5254256  0.5138995  0.52054644 0.54740393 0.4776468
 0.51816386 0.50549513 0.52232164 0.58012664 0.5831626  0.51133114
 0.5297918  0.52745026 0.5527354  0.5273319  0.5141972  0.50539464
 0.53967494 0.49440518 0.52541083 0.5780967  0.5106443  0.4900551
 0.50785416 0.5587436  0.54702884 0.5016975  0.52897877 0.53215206
 0.57526594 0.51026255 0.5526193  0.52031213 0.5075242  0.5331588
 0.49309713 0.55207723 0.5404736  0.52627647 0.5644438  0.5496226
 0.53398955 0.533282   0.5279504  0.52353513 0.5648909  0.51952296
 0.5111186  0.51954603 0.5434863  0.5026378  0.5615897  0.48494506
 0.51790386 0.5586326  0.55869746 0.5393858 ]"	"[[1.1047622  1.1993959  1.2454249  ... 1.2619957  1.1296096  1.188444  ]
 [2.5337594  2.2266934  2.3935893  ... 2.2050486  2.2281797  2.6993208 ]
 [0.82240325 0.7637317  0.8166724  ... 0.87615114 0.78006166 0.91238695]
 ...
 [0.83823436 0.8840877  1.0368459  ... 0.9847973  0.82435465 0.94725585]
 [3.1166182  2.9745355  3.6325512  ... 3.7638605  2.8285446  3.5105848 ]
 [1.0575062  1.0648971  1.022212   ... 1.0970322  0.96581554 1.0953956 ]]"	1.2251433537012255e-44	0.99	"[0.00357143 0.00357143 0.         0.01071429 0.00357143 0.
 0.         0.         0.         0.         0.00357143 0.
 0.00357143 0.00357143 0.00357143 0.         0.01428571 0.
 0.         0.00357143 0.         0.         0.         0.
 0.00357143 0.00357143 0.         0.         0.         0.00357143
 0.00357143 0.         0.         0.         0.00714286 0.00714286
 0.00357143 0.         0.00357143 0.         0.         0.00357143
 0.00357143 0.         0.00357143 0.         0.00357143 0.00357143
 0.00357143 0.00357143 0.00357143 0.00357143 0.         0.
 0.         0.00357143 0.         0.         0.00357143 0.
 0.00357143 0.00357143 0.00714286 0.         0.00714286 0.
 0.00357143 0.00357143 0.         0.         0.00357143 0.00357143
 0.00357143 0.00357143 0.         0.00714286 0.00357143 0.00714286
 0.         0.         0.00357143 0.00357143 0.00714286 0.
 0.         0.         0.00357143 0.00357143 0.00357143 0.
 0.         0.         0.00357143 0.         0.00357143 0.
 0.         0.         0.         0.        ]"	"[[0.13214286 0.14642857 0.18214286 ... 0.13214286 0.175      0.13214286]
 [0.5        0.57142857 0.53571429 ... 0.53571429 0.56428571 0.56428571]
 [0.01785714 0.02857143 0.01785714 ... 0.00714286 0.03571429 0.02857143]
 ...
 [0.04285714 0.05       0.04285714 ... 0.05357143 0.04285714 0.05714286]
 [0.725      0.69642857 0.71428571 ... 0.68571429 0.69642857 0.73571429]
 [0.03928571 0.10714286 0.08571429 ... 0.075      0.06428571 0.09285714]]"	1.5505547466854487e-45	1.0	"[0.08040346 0.08318426 0.         0.25443968 0.08129371 0.
 0.         0.         0.         0.         0.07982833 0.
 0.0853211  0.08740602 0.08865586 0.         0.34116193 0.
 0.         0.0842137  0.         0.         0.         0.
 0.0843155  0.08919437 0.         0.         0.         0.09052563
 0.08259325 0.         0.         0.         0.18657718 0.16144019
 0.08513885 0.         0.08261771 0.         0.         0.08686177
 0.08385933 0.         0.08865586 0.         0.08968177 0.08563536
 0.08608454 0.08434099 0.08323389 0.08383413 0.         0.
 0.         0.0882074  0.         0.         0.08871224 0.
 0.08145985 0.08809599 0.17429467 0.         0.17234966 0.
 0.08568796 0.08627087 0.         0.         0.08301101 0.08232517
 0.0813174  0.08328358 0.         0.16817907 0.08770827 0.17288557
 0.         0.         0.08254438 0.08378378 0.16848485 0.
 0.         0.         0.08637771 0.08519084 0.08953787 0.
 0.         0.         0.08423913 0.         0.08773585 0.
 0.         0.         0.         0.        ]"	"[[ 4.17754569  4.82071902  4.57064472 ...  4.27125891  5.24553571
   5.31805158]
 [12.9016835  10.72350993 13.79310345 ... 14.29711752 15.8
  15.22248244]
 [ 0.91122278  0.57220141  0.55555556 ...  1.31695332  0.98465886
   0.20870871]
 ...
 [ 2.07374768  1.36967632  1.38980121 ...  1.49095967  2.22277006
   1.41362637]
 [19.43128492 10.85163776 13.35982906 ... 16.56936416 20.40218712
  18.04721931]
 [ 2.53053946  1.9057971   3.5161744  ...  1.97475456  2.63021316
   3.47244094]]"
6	4.40836238861084	443.1557291666667	1.5505547466854487e-45	1.0	"[0.5279598  0.5131154  0.53392065 0.565543   0.52120316 0.5077834
 0.58176047 0.51971775 0.54059434 0.5443159  0.5246014  0.5183015
 0.516787   0.537864   0.5171354  0.5653396  0.5539704  0.52703446
 0.5635346  0.5259381  0.5141036  0.50278443 0.56400245 0.55829275
 0.52308035 0.53702503 0.51973885 0.517252   0.55823386 0.5566054
 0.5317861  0.50860584 0.55603564 0.48988333 0.5350722  0.5570484
 0.5418505  0.51751935 0.50253975 0.5210392  0.502577   0.5174505
 0.50658756 0.52542573 0.5138996  0.52054644 0.54740405 0.47764686
 0.5181638  0.50549495 0.52232146 0.58012676 0.5831626  0.51133114
 0.52979183 0.5274504  0.5527354  0.527332   0.5141972  0.5053946
 0.539675   0.49440518 0.52541095 0.5780965  0.5106445  0.49005517
 0.5078542  0.55874366 0.5470288  0.5016974  0.52897877 0.53215206
 0.57526594 0.5102626  0.5526192  0.520312   0.50752413 0.5331588
 0.49309725 0.5520773  0.54047364 0.5262765  0.5644438  0.5496228
 0.53398955 0.533282   0.5279504  0.5235351  0.56489086 0.5195229
 0.5111186  0.51954603 0.54348624 0.50263774 0.5615897  0.484945
 0.51790375 0.5586326  0.55869746 0.53938586]"	"[[1.2981666  1.4527417  1.6047174  ... 1.4022133  1.3841453  1.5474472 ]
 [1.28477    1.3735344  1.4150537  ... 1.494317   1.3333756  1.36097   ]
 [1.5670911  1.2627627  1.3291912  ... 1.3133286  1.3345922  1.2853831 ]
 ...
 [0.73952764 0.75482714 0.66949236 ... 0.701595   0.6958775  0.6529327 ]
 [0.8560168  1.0804868  0.94298875 ... 0.939455   1.0024846  0.89968264]
 [1.8601596  1.9576443  1.7629144  ... 2.1287293  1.9055856  1.6996957 ]]"	9.481228281626575e-44	0.98	"[0.00357143 0.00357143 0.         0.01071429 0.00357143 0.
 0.         0.         0.         0.         0.00357143 0.
 0.00357143 0.00357143 0.00357143 0.         0.01428571 0.
 0.         0.00357143 0.         0.         0.         0.
 0.00357143 0.00357143 0.         0.         0.         0.00357143
 0.00357143 0.         0.         0.         0.00714286 0.00714286
 0.00357143 0.         0.00357143 0.         0.         0.00357143
 0.00357143 0.         0.00357143 0.         0.00357143 0.00357143
 0.00357143 0.00357143 0.00357143 0.00357143 0.         0.
 0.         0.00357143 0.         0.         0.00357143 0.
 0.00357143 0.00357143 0.00714286 0.         0.00714286 0.
 0.00357143 0.00357143 0.         0.         0.00357143 0.00357143
 0.00357143 0.00357143 0.         0.00714286 0.00357143 0.00714286
 0.         0.         0.00357143 0.00357143 0.00714286 0.
 0.         0.         0.00357143 0.00357143 0.00357143 0.
 0.         0.         0.00357143 0.         0.00357143 0.
 0.         0.         0.         0.        ]"	"[[0.22857143 0.23928571 0.20357143 ... 0.22142857 0.18928571 0.17857143]
 [0.18928571 0.15357143 0.15       ... 0.12857143 0.18928571 0.12857143]
 [0.17857143 0.15357143 0.17857143 ... 0.17142857 0.15714286 0.18571429]
 ...
 [0.01428571 0.00357143 0.         ... 0.00357143 0.00357143 0.01071429]
 [0.03214286 0.04642857 0.02857143 ... 0.02142857 0.05357143 0.03571429]
 [0.39642857 0.30357143 0.42142857 ... 0.38928571 0.32142857 0.39285714]]"	9.481228281626575e-44	0.98	"[0.08040346 0.08318426 0.         0.25443968 0.08129371 0.
 0.         0.         0.         0.         0.07982833 0.
 0.0853211  0.08740602 0.08865586 0.         0.34116193 0.
 0.         0.0842137  0.         0.         0.         0.
 0.0843155  0.08919437 0.         0.         0.         0.09052563
 0.08259325 0.         0.         0.         0.18657718 0.16144019
 0.08513885 0.         0.08261771 0.         0.         0.08686177
 0.08385933 0.         0.08865586 0.         0.08968177 0.08563536
 0.08608454 0.08434099 0.08323389 0.08383413 0.         0.
 0.         0.0882074  0.         0.         0.08871224 0.
 0.08145985 0.08809599 0.17429467 0.         0.17234966 0.
 0.08568796 0.08627087 0.         0.         0.08301101 0.08232517
 0.0813174  0.08328358 0.         0.16817907 0.08770827 0.17288557
 0.         0.         0.08254438 0.08378378 0.16848485 0.
 0.         0.         0.08637771 0.08519084 0.08953787 0.
 0.         0.         0.08423913 0.         0.08773585 0.
 0.         0.         0.         0.        ]"	"[[ 6.32345427  4.75529316  5.23267518 ...  6.93165138  6.01092896
   6.06478755]
 [ 5.11246612  4.75533597  4.31266846 ...  3.41407035  4.02011834
   5.35384615]
 [ 4.35326783  3.62540021  4.27791262 ...  3.54765972  4.79893
   4.59739715]
 ...
 [ 0.26617553  0.28361775  0.17695735 ...  0.27598804  0.08335823
   0.55842391]
 [ 1.26315789  1.73957949  1.743058   ...  1.32721202  1.25471698
   1.25989111]
 [ 7.56302521  9.08708709 10.86258588 ...  9.17294351  9.8981218
   8.84263715]]"
7	13.223429679870605	731.6508463541667	1.5505547466854487e-45	1.0	"[0.5279598  0.51311535 0.53392065 0.56554306 0.5212031  0.5077833
 0.5817604  0.5197178  0.54059434 0.5443159  0.5246014  0.5183015
 0.5167871  0.537864   0.5171354  0.5653396  0.55397034 0.5270344
 0.56353456 0.525938   0.5141036  0.50278443 0.5640024  0.55829287
 0.5230804  0.53702503 0.51973885 0.5172521  0.558234   0.5566053
 0.53178614 0.5086057  0.5560355  0.48988333 0.53507227 0.5570485
 0.5418503  0.5175194  0.5025397  0.5210391  0.5025769  0.51745063
 0.50658756 0.5254256  0.5138994  0.5205464  0.54740393 0.47764692
 0.51816374 0.505495   0.5223216  0.58012664 0.58316267 0.5113311
 0.5297918  0.52745044 0.5527354  0.52733207 0.5141973  0.5053944
 0.5396751  0.49440518 0.525411   0.5780966  0.5106444  0.4900552
 0.5078542  0.55874354 0.5470288  0.5016974  0.52897865 0.53215194
 0.57526594 0.5102626  0.5526193  0.5203121  0.5075242  0.5331587
 0.49309722 0.5520772  0.54047364 0.5262765  0.5644439  0.5496226
 0.5339895  0.5332819  0.5279503  0.5235352  0.56489086 0.51952296
 0.5111187  0.51954603 0.54348624 0.50263774 0.5615897  0.48494506
 0.51790386 0.5586327  0.55869746 0.5393859 ]"	"[[1.7807792  1.8199066  1.6388413  ... 2.0390677  1.5529888  1.5594577 ]
 [0.92859334 1.3123418  1.003245   ... 1.3310678  0.9781017  1.3126361 ]
 [0.7449576  0.748308   0.7424379  ... 0.7765565  0.7957489  0.83086646]
 ...
 [1.0186433  0.9720112  1.0059063  ... 1.1456648  1.0046757  1.0340288 ]
 [1.2772328  1.2889742  1.5414706  ... 1.3117489  1.2450855  1.4177699 ]
 [0.98341805 0.99289906 0.9779813  ... 1.1172968  0.9132303  0.9660299 ]]"	1.5505547466854487e-45	1.0	"[0.00357143 0.00357143 0.         0.01071429 0.00357143 0.
 0.         0.         0.         0.         0.00357143 0.
 0.00357143 0.00357143 0.00357143 0.         0.01428571 0.
 0.         0.00357143 0.         0.         0.         0.
 0.00357143 0.00357143 0.         0.         0.         0.00357143
 0.00357143 0.         0.         0.         0.00714286 0.00714286
 0.00357143 0.         0.00357143 0.         0.         0.00357143
 0.00357143 0.         0.00357143 0.         0.00357143 0.00357143
 0.00357143 0.00357143 0.00357143 0.00357143 0.         0.
 0.         0.00357143 0.         0.         0.00357143 0.
 0.00357143 0.00357143 0.00714286 0.         0.00714286 0.
 0.00357143 0.00357143 0.         0.         0.00357143 0.00357143
 0.00357143 0.00357143 0.         0.00714286 0.00357143 0.00714286
 0.         0.         0.00357143 0.00357143 0.00714286 0.
 0.         0.         0.00357143 0.00357143 0.00357143 0.
 0.         0.         0.00357143 0.         0.00357143 0.
 0.         0.         0.         0.        ]"	"[[0.36785714 0.35357143 0.37857143 ... 0.29642857 0.4        0.32142857]
 [0.11071429 0.16071429 0.125      ... 0.13928571 0.1        0.09285714]
 [0.04285714 0.03928571 0.03571429 ... 0.03928571 0.05357143 0.05      ]
 ...
 [0.11428571 0.13928571 0.09285714 ... 0.12142857 0.14285714 0.10357143]
 [0.275      0.26785714 0.23214286 ... 0.23928571 0.25       0.23928571]
 [0.16428571 0.175      0.16785714 ... 0.17142857 0.13214286 0.14642857]]"	1.5505547466854487e-45	1.0	"[0.08040346 0.08318426 0.         0.25443968 0.08129371 0.
 0.         0.         0.         0.         0.07982833 0.
 0.0853211  0.08740602 0.08865586 0.         0.34116193 0.
 0.         0.0842137  0.         0.         0.         0.
 0.0843155  0.08919437 0.         0.         0.         0.09052563
 0.08259325 0.         0.         0.         0.18657718 0.16144019
 0.08513885 0.         0.08261771 0.         0.         0.08686177
 0.08385933 0.         0.08865586 0.         0.08968177 0.08563536
 0.08608454 0.08434099 0.08323389 0.08383413 0.         0.
 0.         0.0882074  0.         0.         0.08871224 0.
 0.08145985 0.08809599 0.17429467 0.         0.17234966 0.
 0.08568796 0.08627087 0.         0.         0.08301101 0.08232517
 0.0813174  0.08328358 0.         0.16817907 0.08770827 0.17288557
 0.         0.         0.08254438 0.08378378 0.16848485 0.
 0.         0.         0.08637771 0.08519084 0.08953787 0.
 0.         0.         0.08423913 0.         0.08773585 0.
 0.         0.         0.         0.        ]"	"[[16.69140271 13.38052373 15.99911504 ... 12.90751445 17.52319842
  18.375     ]
 [ 8.54650206  6.73699634  6.48148148 ...  6.51038339  8.31667891
   7.12654545]
 [ 2.52220812  2.69662244  2.00202977 ...  3.52201705  2.06778477
   2.59803922]
 ...
 [ 7.21589085  7.11638251  7.29166667 ...  6.77777778  6.69774217
   6.7413522 ]
 [12.19855596 12.43853821 13.58983666 ... 15.03782735 13.00552486
  12.8799639 ]
 [ 8.66376582  7.15255474  8.46290572 ...  9.58425064  6.09192825
   7.35108777]]"
8	4.43528938293457	626.4625651041666	1.5505547466854487e-45	1.0	"[0.5279599  0.5131154  0.53392076 0.565543   0.5212032  0.50778323
 0.5817606  0.5197178  0.5405943  0.5443159  0.5246013  0.5183015
 0.5167871  0.537864   0.5171353  0.5653395  0.55397046 0.5270345
 0.5635347  0.525938   0.5141036  0.5027843  0.5640025  0.55829287
 0.52308035 0.537025   0.519739   0.51725215 0.55823374 0.5566053
 0.53178614 0.5086057  0.55603546 0.48988324 0.5350723  0.5570485
 0.5418505  0.5175195  0.50253975 0.5210392  0.502577   0.5174506
 0.5065877  0.5254258  0.51389956 0.52054644 0.54740405 0.47764683
 0.5181639  0.5054951  0.5223215  0.5801267  0.5831626  0.511331
 0.5297919  0.5274504  0.5527354  0.52733195 0.5141972  0.5053944
 0.539675   0.49440533 0.52541095 0.5780967  0.5106444  0.4900551
 0.5078542  0.5587436  0.54702884 0.5016974  0.5289789  0.53215194
 0.5752659  0.5102626  0.5526192  0.5203122  0.50752413 0.5331588
 0.49309728 0.5520774  0.54047364 0.5262764  0.5644438  0.5496227
 0.5339894  0.53328204 0.5279504  0.523535   0.56489086 0.51952296
 0.5111185  0.51954603 0.5434864  0.5026378  0.5615897  0.4849451
 0.51790375 0.55863273 0.55869746 0.5393858 ]"	"[[0.93129355 0.936457   0.8892213  ... 0.9510442  0.93698734 0.91157323]
 [1.9217625  2.0278652  2.0566316  ... 2.3552356  1.9416554  1.8425348 ]
 [1.4047093  1.2707984  1.4986949  ... 1.4288484  1.2399809  1.429765  ]
 ...
 [1.2847126  1.1000268  1.145449   ... 1.1417856  1.1147101  1.0503218 ]
 [1.3598793  1.1547178  1.2270528  ... 1.2484101  1.2610713  1.3051597 ]
 [0.96939427 0.8696288  0.9834929  ... 0.93974334 0.9261165  0.87967217]]"	1.5505547466854487e-45	1.0	"[0.00357143 0.00357143 0.         0.01071429 0.00357143 0.
 0.         0.         0.         0.         0.00357143 0.
 0.00357143 0.00357143 0.00357143 0.         0.01428571 0.
 0.         0.00357143 0.         0.         0.         0.
 0.00357143 0.00357143 0.         0.         0.         0.00357143
 0.00357143 0.         0.         0.         0.00714286 0.00714286
 0.00357143 0.         0.00357143 0.         0.         0.00357143
 0.00357143 0.         0.00357143 0.         0.00357143 0.00357143
 0.00357143 0.00357143 0.00357143 0.00357143 0.         0.
 0.         0.00357143 0.         0.         0.00357143 0.
 0.00357143 0.00357143 0.00714286 0.         0.00714286 0.
 0.00357143 0.00357143 0.         0.         0.00357143 0.00357143
 0.00357143 0.00357143 0.         0.00714286 0.00357143 0.00714286
 0.         0.         0.00357143 0.00357143 0.00714286 0.
 0.         0.         0.00357143 0.00357143 0.00357143 0.
 0.         0.         0.00357143 0.         0.00357143 0.
 0.         0.         0.         0.        ]"	"[[0.1        0.07142857 0.08214286 ... 0.10714286 0.09642857 0.10357143]
 [0.46428571 0.41785714 0.46785714 ... 0.48928571 0.44285714 0.46071429]
 [0.24285714 0.25       0.24285714 ... 0.23571429 0.21785714 0.25357143]
 ...
 [0.13571429 0.16071429 0.18571429 ... 0.14642857 0.15       0.16428571]
 [0.15357143 0.14642857 0.175      ... 0.25357143 0.15357143 0.18214286]
 [0.06071429 0.11071429 0.09642857 ... 0.11428571 0.12142857 0.05      ]]"	1.5505547466854487e-45	1.0	"[0.08040346 0.08318426 0.         0.25443968 0.08129371 0.
 0.         0.         0.         0.         0.07982833 0.
 0.0853211  0.08740602 0.08865586 0.         0.34116193 0.
 0.         0.0842137  0.         0.         0.         0.
 0.0843155  0.08919437 0.         0.         0.         0.09052563
 0.08259325 0.         0.         0.         0.18657718 0.16144019
 0.08513885 0.         0.08261771 0.         0.         0.08686177
 0.08385933 0.         0.08865586 0.         0.08968177 0.08563536
 0.08608454 0.08434099 0.08323389 0.08383413 0.         0.
 0.         0.0882074  0.         0.         0.08871224 0.
 0.08145985 0.08809599 0.17429467 0.         0.17234966 0.
 0.08568796 0.08627087 0.         0.         0.08301101 0.08232517
 0.0813174  0.08328358 0.         0.16817907 0.08770827 0.17288557
 0.         0.         0.08254438 0.08378378 0.16848485 0.
 0.         0.         0.08637771 0.08519084 0.08953787 0.
 0.         0.         0.08423913 0.         0.08773585 0.
 0.         0.         0.         0.        ]"	"[[ 2.66899892  3.78338279  2.9988466  ...  2.76884422  3.74113924
   3.24713959]
 [19.43145161 16.15929942 17.05840708 ... 15.39158576 14.83771252
  20.92307692]
 [11.11804009  9.37654321 10.18111888 ...  7.09090909  8.43222004
  10.00400802]
 ...
 [ 5.76272226  6.6199262   9.9382622  ...  6.99450927  7.13399504
   6.07251462]
 [ 6.88742138  8.78881579  6.62317145 ...  5.98471986  8.22186287
   8.12878788]
 [ 4.15580183  4.00242424  3.55869958 ...  3.7326853   4.16017052
   3.43862711]]"
9	4.591151714324951	488.6909505208333	1.5505547466854487e-45	1.0	"[0.52795964 0.5131154  0.5339205  0.56554306 0.5212031  0.5077833
 0.5817606  0.51971775 0.5405942  0.5443159  0.5246014  0.5183016
 0.516787   0.537864   0.5171354  0.56533957 0.55397034 0.5270346
 0.5635347  0.5259379  0.51410365 0.5027843  0.5640025  0.5582927
 0.5230804  0.53702503 0.51973885 0.517252   0.55823386 0.55660534
 0.5317861  0.5086057  0.5560355  0.48988333 0.53507245 0.55704844
 0.5418505  0.51751935 0.50253975 0.5210391  0.502577   0.5174506
 0.50658756 0.5254257  0.5138997  0.5205463  0.547404   0.47764692
 0.51816386 0.50549495 0.5223217  0.58012676 0.58316284 0.51133114
 0.5297918  0.5274503  0.5527354  0.5273318  0.5141972  0.5053944
 0.53967506 0.49440524 0.525411   0.5780967  0.5106444  0.4900551
 0.5078542  0.55874366 0.5470289  0.5016975  0.52897877 0.53215194
 0.5752659  0.51026267 0.5526191  0.520312   0.50752425 0.53315854
 0.49309722 0.5520773  0.5404735  0.52627647 0.5644438  0.54962265
 0.5339894  0.533282   0.5279506  0.52353513 0.564891   0.5195229
 0.51111853 0.51954603 0.54348636 0.5026378  0.5615898  0.4849451
 0.51790386 0.5586327  0.5586973  0.5393858 ]"	"[[1.1687385  1.0433044  1.0712267  ... 1.1097623  1.019589   1.118254  ]
 [1.2091386  1.5177851  1.2654394  ... 1.2846518  1.1661407  1.2760928 ]
 [0.831131   0.8097323  0.9119064  ... 0.8777278  0.81307966 0.9064018 ]
 ...
 [1.1266359  1.0689988  0.96386176 ... 1.2143134  0.98508406 1.1966755 ]
 [0.78771186 0.8931107  0.857097   ... 0.84553576 0.8190715  0.8393987 ]
 [1.7489735  1.7107353  1.7226471  ... 1.7592278  1.6019634  1.8287562 ]]"	5.335236400581605e-42	0.96	"[0.00357143 0.00357143 0.         0.01071429 0.00357143 0.
 0.         0.         0.         0.         0.00357143 0.
 0.00357143 0.00357143 0.00357143 0.         0.01428571 0.
 0.         0.00357143 0.         0.         0.         0.
 0.00357143 0.00357143 0.         0.         0.         0.00357143
 0.00357143 0.         0.         0.         0.00714286 0.00714286
 0.00357143 0.         0.00357143 0.         0.         0.00357143
 0.00357143 0.         0.00357143 0.         0.00357143 0.00357143
 0.00357143 0.00357143 0.00357143 0.00357143 0.         0.
 0.         0.00357143 0.         0.         0.00357143 0.
 0.00357143 0.00357143 0.00714286 0.         0.00714286 0.
 0.00357143 0.00357143 0.         0.         0.00357143 0.00357143
 0.00357143 0.00357143 0.         0.00714286 0.00357143 0.00714286
 0.         0.         0.00357143 0.00357143 0.00714286 0.
 0.         0.         0.00357143 0.00357143 0.00357143 0.
 0.         0.         0.00357143 0.         0.00357143 0.
 0.         0.         0.         0.        ]"	"[[0.06785714 0.06071429 0.08571429 ... 0.06785714 0.06785714 0.06428571]
 [0.18928571 0.17857143 0.21428571 ... 0.18571429 0.18928571 0.2       ]
 [0.02857143 0.03214286 0.02857143 ... 0.02857143 0.03214286 0.04285714]
 ...
 [0.125      0.13571429 0.10357143 ... 0.1        0.1        0.08571429]
 [0.025      0.03214286 0.02857143 ... 0.03928571 0.01428571 0.03928571]
 [0.36428571 0.36428571 0.40714286 ... 0.375      0.36428571 0.42857143]]"	9.481228281626575e-44	0.98	"[0.08040346 0.08318426 0.         0.25443968 0.08129371 0.
 0.         0.         0.         0.         0.07982833 0.
 0.0853211  0.08740602 0.08865586 0.         0.34116193 0.
 0.         0.0842137  0.         0.         0.         0.
 0.0843155  0.08919437 0.         0.         0.         0.09052563
 0.08259325 0.         0.         0.         0.18657718 0.16144019
 0.08513885 0.         0.08261771 0.         0.         0.08686177
 0.08385933 0.         0.08865586 0.         0.08968177 0.08563536
 0.08608454 0.08434099 0.08323389 0.08383413 0.         0.
 0.         0.0882074  0.         0.         0.08871224 0.
 0.08145985 0.08809599 0.17429467 0.         0.17234966 0.
 0.08568796 0.08627087 0.         0.         0.08301101 0.08232517
 0.0813174  0.08328358 0.         0.16817907 0.08770827 0.17288557
 0.         0.         0.08254438 0.08378378 0.16848485 0.
 0.         0.         0.08637771 0.08519084 0.08953787 0.
 0.         0.         0.08423913 0.         0.08773585 0.
 0.         0.         0.         0.        ]"	"[[ 2.36787114  2.07114625  2.27287923 ...  2.25404061  2.47476708
   1.72492284]
 [ 5.76197318  4.941787    5.80755843 ...  6.21940365  4.36142626
   6.19369369]
 [ 1.08043217  0.72606383  0.70725389 ...  0.63919129  0.40233236
   0.89307946]
 ...
 [ 4.48452221  3.00424128  2.78930176 ...  3.71238349  4.05914972
   3.4399811 ]
 [ 0.84735202  0.4386174   0.955721   ...  0.76870475  0.53710938
   0.93771626]
 [10.7705314  11.64972443  9.93608367 ... 10.66666667 10.52328289
  14.0919367 ]]"
10	7.335414886474609	575.0645833333333	1.5505547466854487e-45	1.0	"[0.5279597  0.5131153  0.5339206  0.56554306 0.5212031  0.5077832
 0.5817606  0.51971775 0.54059434 0.5443159  0.5246014  0.51830167
 0.516787   0.537864   0.5171354  0.5653395  0.55397034 0.5270346
 0.5635346  0.5259378  0.51410365 0.50278443 0.5640025  0.5582928
 0.52308035 0.53702503 0.51973873 0.517252   0.5582338  0.5566054
 0.531786   0.5086058  0.5560355  0.4898833  0.5350723  0.5570484
 0.54185045 0.5175193  0.5025397  0.5210392  0.502577   0.5174507
 0.50658745 0.5254257  0.51389956 0.5205463  0.54740417 0.47764686
 0.5181638  0.5054949  0.5223215  0.58012664 0.58316267 0.5113311
 0.52979183 0.5274504  0.5527354  0.52733195 0.5141973  0.5053944
 0.539675   0.49440524 0.52541107 0.5780966  0.5106444  0.4900551
 0.50785416 0.55874366 0.5470288  0.50169754 0.52897877 0.53215206
 0.5752659  0.5102626  0.5526193  0.520312   0.50752413 0.5331587
 0.49309725 0.55207723 0.5404736  0.5262766  0.56444377 0.5496227
 0.53398955 0.5332819  0.5279504  0.52353495 0.56489086 0.519523
 0.5111187  0.519546   0.5434863  0.5026377  0.5615897  0.484945
 0.5179038  0.5586326  0.55869746 0.5393858 ]"	"[[1.6922836  1.5873233  1.5311502  ... 1.2979497  1.3020657  1.3089759 ]
 [0.6822546  0.684954   0.71727884 ... 0.7567388  0.7484181  0.68649614]
 [0.97478604 1.0001905  0.97235507 ... 0.9691379  0.9431356  0.94140106]
 ...
 [2.4847414  2.3694828  2.3930647  ... 1.9888451  2.158474   2.722613  ]
 [1.1828482  1.1954681  0.9967007  ... 0.9523861  0.99583787 1.2919203 ]
 [1.4677967  1.4826661  1.6316502  ... 1.2722877  1.6396927  1.6005685 ]]"	1.5505547466854487e-45	1.0	"[0.00357143 0.00357143 0.         0.01071429 0.00357143 0.
 0.         0.         0.         0.         0.00357143 0.
 0.00357143 0.00357143 0.00357143 0.         0.01428571 0.
 0.         0.00357143 0.         0.         0.         0.
 0.00357143 0.00357143 0.         0.         0.         0.00357143
 0.00357143 0.         0.         0.         0.00714286 0.00714286
 0.00357143 0.         0.00357143 0.         0.         0.00357143
 0.00357143 0.         0.00357143 0.         0.00357143 0.00357143
 0.00357143 0.00357143 0.00357143 0.00357143 0.         0.
 0.         0.00357143 0.         0.         0.00357143 0.
 0.00357143 0.00357143 0.00714286 0.         0.00714286 0.
 0.00357143 0.00357143 0.         0.         0.00357143 0.00357143
 0.00357143 0.00357143 0.         0.00714286 0.00357143 0.00714286
 0.         0.         0.00357143 0.00357143 0.00714286 0.
 0.         0.         0.00357143 0.00357143 0.00357143 0.
 0.         0.         0.00357143 0.         0.00357143 0.
 0.         0.         0.         0.        ]"	"[[0.23928571 0.24642857 0.20357143 ... 0.23928571 0.18928571 0.26071429]
 [0.05       0.02857143 0.02142857 ... 0.02857143 0.03571429 0.02857143]
 [0.05714286 0.07857143 0.06071429 ... 0.09285714 0.075      0.07857143]
 ...
 [0.45714286 0.48571429 0.52142857 ... 0.53214286 0.45714286 0.48214286]
 [0.10714286 0.10357143 0.125      ... 0.08571429 0.13571429 0.11071429]
 [0.25714286 0.25       0.26071429 ... 0.24285714 0.26071429 0.28214286]]"	1.5505547466854487e-45	1.0	"[0.08040346 0.08318426 0.         0.25443968 0.08129371 0.
 0.         0.         0.         0.         0.07982833 0.
 0.0853211  0.08740602 0.08865586 0.         0.34116193 0.
 0.         0.0842137  0.         0.         0.         0.
 0.0843155  0.08919437 0.         0.         0.         0.09052563
 0.08259325 0.         0.         0.         0.18657718 0.16144019
 0.08513885 0.         0.08261771 0.         0.         0.08686177
 0.08385933 0.         0.08865586 0.         0.08968177 0.08563536
 0.08608454 0.08434099 0.08323389 0.08383413 0.         0.
 0.         0.0882074  0.         0.         0.08871224 0.
 0.08145985 0.08809599 0.17429467 0.         0.17234966 0.
 0.08568796 0.08627087 0.         0.         0.08301101 0.08232517
 0.0813174  0.08328358 0.         0.16817907 0.08770827 0.17288557
 0.         0.         0.08254438 0.08378378 0.16848485 0.
 0.         0.         0.08637771 0.08519084 0.08953787 0.
 0.         0.         0.08423913 0.         0.08773585 0.
 0.         0.         0.         0.        ]"	"[[ 9.48837209  8.94142012  8.97559409 ...  7.02532328  7.88656885
   7.67258065]
 [ 1.64571746  1.6160568   1.92405765 ...  2.00215054  1.39053592
   0.74891068]
 [ 2.755       3.21969697  2.69151139 ...  2.55618557  3.25753705
   2.52881183]
 ...
 [13.86292614 13.49586777 11.51902497 ... 15.86963563 15.73012048
  11.75721154]
 [ 3.68446602  3.92586207  3.97542327 ...  3.22858644  4.88369231
   3.65489567]
 [10.00258065  9.58390411  9.91935484 ...  8.33099825  8.93087558
   7.35696579]]"
11	11.17793083190918	592.7387369791667	1.5505547466854487e-45	1.0	"[0.5279598  0.5131155  0.53392065 0.56554294 0.521203   0.50778335
 0.5817605  0.5197178  0.54059434 0.5443159  0.5246012  0.5183014
 0.5167871  0.53786397 0.5171354  0.5653395  0.5539704  0.52703434
 0.5635347  0.525938   0.5141036  0.5027843  0.56400263 0.5582927
 0.52308035 0.5370249  0.51973885 0.51725215 0.55823386 0.5566055
 0.5317861  0.5086057  0.55603546 0.48988333 0.5350723  0.55704844
 0.54185045 0.5175194  0.5025398  0.52103907 0.50257695 0.51745063
 0.50658756 0.5254258  0.51389956 0.52054644 0.54740405 0.47764686
 0.5181638  0.505495   0.5223216  0.58012664 0.5831626  0.5113311
 0.5297919  0.5274504  0.5527354  0.52733195 0.51419723 0.5053945
 0.539675   0.49440533 0.52541095 0.5780967  0.51064426 0.4900552
 0.5078543  0.5587436  0.54702884 0.5016974  0.5289789  0.53215194
 0.5752659  0.5102626  0.5526192  0.52031213 0.50752413 0.5331588
 0.49309728 0.5520773  0.54047364 0.5262765  0.56444377 0.5496226
 0.53398937 0.5332819  0.52795047 0.52353513 0.5648908  0.51952296
 0.51111865 0.51954603 0.5434863  0.5026378  0.5615898  0.48494506
 0.51790386 0.5586326  0.5586976  0.53938586]"	"[[1.3404254 1.2011956 1.2025534 ... 1.1278688 1.2550194 1.1628584]
 [3.1500125 3.9365683 3.5213313 ... 2.9941697 3.56859   3.0605383]
 [1.9339707 1.6044621 1.6786191 ... 1.6005309 1.8208514 1.6008255]
 ...
 [1.5357925 1.3197333 1.2306389 ... 1.3468    1.4858826 1.3925282]
 [1.5037608 1.3587795 1.4623556 ... 1.2733442 1.626679  1.5054095]
 [3.5699525 4.266286  3.6652074 ... 3.1116226 3.9488165 4.316672 ]]"	1.5505547466854487e-45	1.0	"[0.00357143 0.00357143 0.         0.01071429 0.00357143 0.
 0.         0.         0.         0.         0.00357143 0.
 0.00357143 0.00357143 0.00357143 0.         0.01428571 0.
 0.         0.00357143 0.         0.         0.         0.
 0.00357143 0.00357143 0.         0.         0.         0.00357143
 0.00357143 0.         0.         0.         0.00714286 0.00714286
 0.00357143 0.         0.00357143 0.         0.         0.00357143
 0.00357143 0.         0.00357143 0.         0.00357143 0.00357143
 0.00357143 0.00357143 0.00357143 0.00357143 0.         0.
 0.         0.00357143 0.         0.         0.00357143 0.
 0.00357143 0.00357143 0.00714286 0.         0.00714286 0.
 0.00357143 0.00357143 0.         0.         0.00357143 0.00357143
 0.00357143 0.00357143 0.         0.00714286 0.00357143 0.00714286
 0.         0.         0.00357143 0.00357143 0.00714286 0.
 0.         0.         0.00357143 0.00357143 0.00357143 0.
 0.         0.         0.00357143 0.         0.00357143 0.
 0.         0.         0.         0.        ]"	"[[0.15714286 0.14642857 0.10714286 ... 0.18571429 0.13571429 0.14285714]
 [0.68928571 0.68214286 0.68928571 ... 0.69642857 0.74642857 0.67142857]
 [0.325      0.30357143 0.26428571 ... 0.30714286 0.32857143 0.275     ]
 ...
 [0.22857143 0.22857143 0.23571429 ... 0.21785714 0.275      0.24642857]
 [0.21785714 0.2        0.27857143 ... 0.225      0.22142857 0.2       ]
 [0.69642857 0.68571429 0.77142857 ... 0.79642857 0.76785714 0.77857143]]"	1.5505547466854487e-45	1.0	"[0.08040346 0.08318426 0.         0.25443968 0.08129371 0.
 0.         0.         0.         0.         0.07982833 0.
 0.0853211  0.08740602 0.08865586 0.         0.34116193 0.
 0.         0.0842137  0.         0.         0.         0.
 0.0843155  0.08919437 0.         0.         0.         0.09052563
 0.08259325 0.         0.         0.         0.18657718 0.16144019
 0.08513885 0.         0.08261771 0.         0.         0.08686177
 0.08385933 0.         0.08865586 0.         0.08968177 0.08563536
 0.08608454 0.08434099 0.08323389 0.08383413 0.         0.
 0.         0.0882074  0.         0.         0.08871224 0.
 0.08145985 0.08809599 0.17429467 0.         0.17234966 0.
 0.08568796 0.08627087 0.         0.         0.08301101 0.08232517
 0.0813174  0.08328358 0.         0.16817907 0.08770827 0.17288557
 0.         0.         0.08254438 0.08378378 0.16848485 0.
 0.         0.         0.08637771 0.08519084 0.08953787 0.
 0.         0.         0.08423913 0.         0.08773585 0.
 0.         0.         0.         0.        ]"	"[[ 4.81797235  5.3006636   4.67482704 ...  5.75290859  6.11145997
   5.70704718]
 [13.18927701 14.10766721 18.49295775 ... 16.61350407 13.87951807
  10.66234652]
 [ 8.65083507  8.68388889  8.29230769 ... 10.68515206 10.91028858
  11.667107  ]
 ...
 [ 8.75492468  8.02590959  6.53936008 ...  6.49646821  7.88408304
   7.31198686]
 [ 8.27695167  7.5907829   7.8369028  ...  9.61066667  6.52271513
   7.23684211]
 [14.92385787 18.51114024 14.20289855 ... 14.22831505 14.19366853
  21.27351664]]"
12	7.672474384307861	581.2600911458334	1.5505547466854487e-45	1.0	"[0.52795976 0.51311547 0.53392065 0.56554294 0.5212031  0.50778323
 0.5817605  0.5197177  0.54059434 0.5443159  0.5246014  0.5183014
 0.5167871  0.53786397 0.5171354  0.5653396  0.55397034 0.52703434
 0.56353486 0.52593803 0.5141036  0.50278443 0.56400245 0.5582927
 0.52308035 0.53702503 0.51973885 0.51725215 0.5582338  0.5566055
 0.53178614 0.5086057  0.5560354  0.4898833  0.53507227 0.5570484
 0.54185045 0.51751953 0.5025398  0.5210391  0.50257695 0.51745063
 0.50658756 0.52542573 0.5138995  0.52054644 0.547404   0.47764686
 0.51816374 0.5054949  0.5223215  0.5801265  0.58316267 0.51133114
 0.5297919  0.5274504  0.5527354  0.52733195 0.5141973  0.5053945
 0.539675   0.49440518 0.525411   0.5780966  0.5106443  0.4900552
 0.50785416 0.55874354 0.54702884 0.50169754 0.52897865 0.53215206
 0.5752659  0.5102625  0.5526193  0.52031213 0.5075242  0.5331587
 0.49309722 0.5520773  0.54047364 0.52627647 0.56444377 0.5496227
 0.5339894  0.53328204 0.52795035 0.5235351  0.5648908  0.519523
 0.5111186  0.519546   0.5434863  0.50263774 0.5615897  0.48494512
 0.51790375 0.55863273 0.55869746 0.5393858 ]"	"[[0.9438243  1.0328288  0.959992   ... 1.1535971  0.99045146 1.0293951 ]
 [3.2261207  2.0937266  1.8259133  ... 2.0852263  2.3011627  2.1407647 ]
 [1.6334237  1.2954004  1.2993523  ... 1.2279083  1.2728622  1.4559124 ]
 ...
 [1.3963082  1.3556035  1.4019436  ... 1.4478216  1.5340977  1.342969  ]
 [1.7899035  2.003292   1.9480202  ... 1.6339703  2.1241112  1.8102199 ]
 [1.2693679  1.4826266  1.4276439  ... 1.4141548  1.3297237  1.4471085 ]]"	1.5505547466854487e-45	1.0	"[0.00357143 0.00357143 0.         0.01071429 0.00357143 0.
 0.         0.         0.         0.         0.00357143 0.
 0.00357143 0.00357143 0.00357143 0.         0.01428571 0.
 0.         0.00357143 0.         0.         0.         0.
 0.00357143 0.00357143 0.         0.         0.         0.00357143
 0.00357143 0.         0.         0.         0.00714286 0.00714286
 0.00357143 0.         0.00357143 0.         0.         0.00357143
 0.00357143 0.         0.00357143 0.         0.00357143 0.00357143
 0.00357143 0.00357143 0.00357143 0.00357143 0.         0.
 0.         0.00357143 0.         0.         0.00357143 0.
 0.00357143 0.00357143 0.00714286 0.         0.00714286 0.
 0.00357143 0.00357143 0.         0.         0.00357143 0.00357143
 0.00357143 0.00357143 0.         0.00714286 0.00357143 0.00714286
 0.         0.         0.00357143 0.00357143 0.00714286 0.
 0.         0.         0.00357143 0.00357143 0.00357143 0.
 0.         0.         0.00357143 0.         0.00357143 0.
 0.         0.         0.         0.        ]"	"[[0.10714286 0.12857143 0.11785714 ... 0.10714286 0.10714286 0.08571429]
 [0.51428571 0.49285714 0.48928571 ... 0.48928571 0.47142857 0.52142857]
 [0.21428571 0.23214286 0.23571429 ... 0.20714286 0.22142857 0.23928571]
 ...
 [0.21785714 0.23214286 0.29642857 ... 0.23928571 0.20714286 0.25357143]
 [0.44285714 0.46428571 0.45       ... 0.41785714 0.35714286 0.44642857]
 [0.23928571 0.18928571 0.26428571 ... 0.23571429 0.225      0.21428571]]"	1.5505547466854487e-45	1.0	"[0.08040346 0.08318426 0.         0.25443968 0.08129371 0.
 0.         0.         0.         0.         0.07982833 0.
 0.0853211  0.08740602 0.08865586 0.         0.34116193 0.
 0.         0.0842137  0.         0.         0.         0.
 0.0843155  0.08919437 0.         0.         0.         0.09052563
 0.08259325 0.         0.         0.         0.18657718 0.16144019
 0.08513885 0.         0.08261771 0.         0.         0.08686177
 0.08385933 0.         0.08865586 0.         0.08968177 0.08563536
 0.08608454 0.08434099 0.08323389 0.08383413 0.         0.
 0.         0.0882074  0.         0.         0.08871224 0.
 0.08145985 0.08809599 0.17429467 0.         0.17234966 0.
 0.08568796 0.08627087 0.         0.         0.08301101 0.08232517
 0.0813174  0.08328358 0.         0.16817907 0.08770827 0.17288557
 0.         0.         0.08254438 0.08378378 0.16848485 0.
 0.         0.         0.08637771 0.08519084 0.08953787 0.
 0.         0.         0.08423913 0.         0.08773585 0.
 0.         0.         0.         0.        ]"	"[[ 4.59464286  5.22547227  4.68717654 ...  4.3472      3.51890034
   4.15223238]
 [15.72154964 12.94642857 15.81788618 ... 19.12195122 18.60228354
  15.51781473]
 [ 8.00409836  9.55314961 11.16851441 ...  9.0511658   8.06443914
   7.78947368]
 ...
 [ 9.11076345 11.46443812  8.65282505 ...  7.71298544  9.47420758
   9.84945548]
 [16.53016143 12.41893733 14.96995378 ... 14.47147147 17.08833922
  17.60798548]
 [ 9.745142    9.16570328  9.56536619 ...  9.28267869  9.41256669
   8.60894207]]"
13	4.652640342712402	501.69410807291666	1.5505547466854487e-45	1.0	"[0.5279599  0.5131155  0.5339206  0.5655429  0.52120316 0.5077831
 0.5817605  0.51971775 0.54059434 0.5443159  0.5246013  0.5183014
 0.516787   0.537864   0.5171352  0.5653395  0.55397034 0.52703464
 0.5635347  0.52593803 0.5141036  0.50278443 0.5640025  0.5582927
 0.52308035 0.5370249  0.51973873 0.5172521  0.55823386 0.5566053
 0.53178614 0.5086058  0.55603546 0.48988333 0.5350724  0.5570484
 0.5418505  0.5175194  0.5025397  0.52103925 0.50257695 0.51745063
 0.5065877  0.5254256  0.5138997  0.5205464  0.547404   0.47764692
 0.5181638  0.505495   0.5223215  0.58012664 0.5831626  0.51133114
 0.5297919  0.5274502  0.5527354  0.5273318  0.5141973  0.5053945
 0.539675   0.4944052  0.52541095 0.5780967  0.5106444  0.4900551
 0.5078542  0.55874354 0.5470288  0.5016975  0.5289787  0.53215206
 0.5752659  0.5102625  0.5526193  0.520312   0.50752425 0.5331588
 0.49309725 0.55207735 0.5404735  0.5262765  0.5644439  0.5496228
 0.53398955 0.5332819  0.52795047 0.5235351  0.56489086 0.5195229
 0.5111186  0.51954603 0.5434864  0.50263757 0.5615897  0.48494506
 0.51790386 0.5586327  0.5586976  0.539386  ]"	"[[1.6497706  1.3966675  1.543976   ... 1.5610384  1.4017075  1.3521264 ]
 [0.6595073  0.6462194  0.710307   ... 0.73656684 0.6492229  0.6978965 ]
 [1.1518018  1.1613616  1.1614174  ... 1.6081791  1.350554   1.3345804 ]
 ...
 [2.0642407  1.726844   1.792551   ... 1.8270948  1.6122284  1.5354196 ]
 [1.8935715  2.1236303  2.307247   ... 2.5114834  2.749207   2.2716572 ]
 [0.72411203 0.73407245 0.76298904 ... 0.74841756 0.792206   0.7608189 ]]"	9.481228281626575e-44	0.98	"[0.00357143 0.00357143 0.         0.01071429 0.00357143 0.
 0.         0.         0.         0.         0.00357143 0.
 0.00357143 0.00357143 0.00357143 0.         0.01428571 0.
 0.         0.00357143 0.         0.         0.         0.
 0.00357143 0.00357143 0.         0.         0.         0.00357143
 0.00357143 0.         0.         0.         0.00714286 0.00714286
 0.00357143 0.         0.00357143 0.         0.         0.00357143
 0.00357143 0.         0.00357143 0.         0.00357143 0.00357143
 0.00357143 0.00357143 0.00357143 0.00357143 0.         0.
 0.         0.00357143 0.         0.         0.00357143 0.
 0.00357143 0.00357143 0.00714286 0.         0.00714286 0.
 0.00357143 0.00357143 0.         0.         0.00357143 0.00357143
 0.00357143 0.00357143 0.         0.00714286 0.00357143 0.00714286
 0.         0.         0.00357143 0.00357143 0.00714286 0.
 0.         0.         0.00357143 0.00357143 0.00357143 0.
 0.         0.         0.00357143 0.         0.00357143 0.
 0.         0.         0.         0.        ]"	"[[0.17857143 0.2        0.18571429 ... 0.18571429 0.20714286 0.15      ]
 [0.00714286 0.00357143 0.00357143 ... 0.01071429 0.00714286 0.00714286]
 [0.18214286 0.16428571 0.13571429 ... 0.12857143 0.12857143 0.19285714]
 ...
 [0.26428571 0.21785714 0.24285714 ... 0.30714286 0.26071429 0.26071429]
 [0.45357143 0.42857143 0.425      ... 0.42142857 0.41785714 0.45714286]
 [0.02857143 0.01428571 0.01071429 ... 0.00714286 0.02857143 0.02857143]]"	9.481228281626575e-44	0.98	"[0.08040346 0.08318426 0.         0.25443968 0.08129371 0.
 0.         0.         0.         0.         0.07982833 0.
 0.0853211  0.08740602 0.08865586 0.         0.34116193 0.
 0.         0.0842137  0.         0.         0.         0.
 0.0843155  0.08919437 0.         0.         0.         0.09052563
 0.08259325 0.         0.         0.         0.18657718 0.16144019
 0.08513885 0.         0.08261771 0.         0.         0.08686177
 0.08385933 0.         0.08865586 0.         0.08968177 0.08563536
 0.08608454 0.08434099 0.08323389 0.08383413 0.         0.
 0.         0.0882074  0.         0.         0.08871224 0.
 0.08145985 0.08809599 0.17429467 0.         0.17234966 0.
 0.08568796 0.08627087 0.         0.         0.08301101 0.08232517
 0.0813174  0.08328358 0.         0.16817907 0.08770827 0.17288557
 0.         0.         0.08254438 0.08378378 0.16848485 0.
 0.         0.         0.08637771 0.08519084 0.08953787 0.
 0.         0.         0.08423913 0.         0.08773585 0.
 0.         0.         0.         0.        ]"	"[[ 3.71046771  4.18046075  4.13205374 ...  6.4178273   4.95031315
   5.94573643]
 [ 0.41550621  0.54091267  0.53522772 ...  0.51478847  0.11290975
   0.42625483]
 [ 3.22230374  3.48583878  4.34909091 ...  3.82044798  4.13741722
   3.64273577]
 ...
 [ 8.04823927  7.35510204  7.76641998 ...  7.3969163   8.5705968
   8.14663951]
 [ 9.40674699 12.896      11.09090909 ...  9.52842313 13.31793103
   9.72631579]
 [ 0.69897959  0.53109309  0.44213056 ...  0.92003018  0.32309487
   0.62724151]]"
14	6.650589942932129	671.3051432291667	1.5505547466854487e-45	1.0	"[0.52795994 0.5131155  0.53392076 0.565543   0.5212031  0.5077832
 0.5817604  0.51971775 0.5405943  0.5443159  0.52460134 0.5183014
 0.516787   0.537864   0.5171353  0.5653395  0.55397034 0.5270345
 0.5635347  0.525938   0.5141036  0.5027844  0.5640025  0.55829275
 0.5230804  0.53702503 0.51973885 0.5172521  0.55823386 0.55660534
 0.53178614 0.5086058  0.5560354  0.48988333 0.53507227 0.55704844
 0.5418505  0.5175194  0.50253975 0.5210392  0.50257695 0.5174505
 0.50658756 0.52542573 0.51389956 0.52054644 0.547404   0.47764686
 0.51816386 0.505495   0.5223216  0.5801267  0.58316267 0.5113311
 0.5297918  0.5274504  0.5527354  0.527332   0.5141972  0.5053945
 0.53967494 0.4944053  0.52541095 0.5780967  0.51064444 0.49005517
 0.5078543  0.55874366 0.5470289  0.50169724 0.52897894 0.53215206
 0.5752659  0.51026255 0.5526191  0.520312   0.5075242  0.53315854
 0.49309725 0.55207723 0.54047364 0.52627647 0.5644438  0.5496227
 0.5339893  0.5332821  0.5279504  0.52353513 0.56489086 0.5195229
 0.5111186  0.5195461  0.5434863  0.5026377  0.5615898  0.48494506
 0.51790386 0.5586327  0.5586975  0.53938586]"	"[[1.1126533  1.0394202  0.9290816  ... 1.0901992  0.99093926 1.1742811 ]
 [1.0925933  1.026725   1.2292955  ... 1.1495386  1.1998099  1.1139865 ]
 [1.0883869  1.1939832  1.106218   ... 1.154231   1.2971177  1.1230353 ]
 ...
 [0.7161564  0.7466491  0.73010695 ... 0.75914186 0.77325916 0.8075858 ]
 [1.6473129  1.674627   1.7251446  ... 1.8701037  1.6895673  1.665649  ]
 [0.9181195  0.7670324  0.8609421  ... 0.8970546  0.9363672  0.8932344 ]]"	1.5505547466854487e-45	1.0	"[0.00357143 0.00357143 0.         0.01071429 0.00357143 0.
 0.         0.         0.         0.         0.00357143 0.
 0.00357143 0.00357143 0.00357143 0.         0.01428571 0.
 0.         0.00357143 0.         0.         0.         0.
 0.00357143 0.00357143 0.         0.         0.         0.00357143
 0.00357143 0.         0.         0.         0.00714286 0.00714286
 0.00357143 0.         0.00357143 0.         0.         0.00357143
 0.00357143 0.         0.00357143 0.         0.00357143 0.00357143
 0.00357143 0.00357143 0.00357143 0.00357143 0.         0.
 0.         0.00357143 0.         0.         0.00357143 0.
 0.00357143 0.00357143 0.00714286 0.         0.00714286 0.
 0.00357143 0.00357143 0.         0.         0.00357143 0.00357143
 0.00357143 0.00357143 0.         0.00714286 0.00357143 0.00714286
 0.         0.         0.00357143 0.00357143 0.00714286 0.
 0.         0.         0.00357143 0.00357143 0.00357143 0.
 0.         0.         0.00357143 0.         0.00357143 0.
 0.         0.         0.         0.        ]"	"[[0.10714286 0.12142857 0.13214286 ... 0.07857143 0.13571429 0.13214286]
 [0.21785714 0.125      0.2        ... 0.16785714 0.18571429 0.16428571]
 [0.14285714 0.16785714 0.175      ... 0.16428571 0.15       0.16071429]
 ...
 [0.02857143 0.03214286 0.025      ... 0.03214286 0.02857143 0.03571429]
 [0.33928571 0.29642857 0.38214286 ... 0.31071429 0.33214286 0.38214286]
 [0.08214286 0.07142857 0.075      ... 0.07857143 0.09285714 0.11071429]]"	1.5505547466854487e-45	1.0	"[0.08040346 0.08318426 0.         0.25443968 0.08129371 0.
 0.         0.         0.         0.         0.07982833 0.
 0.0853211  0.08740602 0.08865586 0.         0.34116193 0.
 0.         0.0842137  0.         0.         0.         0.
 0.0843155  0.08919437 0.         0.         0.         0.09052563
 0.08259325 0.         0.         0.         0.18657718 0.16144019
 0.08513885 0.         0.08261771 0.         0.         0.08686177
 0.08385933 0.         0.08865586 0.         0.08968177 0.08563536
 0.08608454 0.08434099 0.08323389 0.08383413 0.         0.
 0.         0.0882074  0.         0.         0.08871224 0.
 0.08145985 0.08809599 0.17429467 0.         0.17234966 0.
 0.08568796 0.08627087 0.         0.         0.08301101 0.08232517
 0.0813174  0.08328358 0.         0.16817907 0.08770827 0.17288557
 0.         0.         0.08254438 0.08378378 0.16848485 0.
 0.         0.         0.08637771 0.08519084 0.08953787 0.
 0.         0.         0.08423913 0.         0.08773585 0.
 0.         0.         0.         0.        ]"	"[[ 4.84493284  5.20498084  6.54545455 ...  6.31229013  6.65180467
   7.48611111]
 [ 8.83707458  7.30257802  5.33981763 ...  7.7439582   7.55555556
   7.64734637]
 [ 8.88717156  7.6684176   7.49889625 ...  8.66162707  8.64012021
   9.83843137]
 ...
 [ 2.76983607  1.20720152  2.39049587 ...  2.04060914  1.26976744
   1.11608961]
 [14.98244147 19.31370558 13.23965142 ... 21.01388889 16.31560892
  15.98239437]
 [ 3.98583951  4.31352057  2.80478088 ...  3.99926471  4.62789068
   4.08947368]]"
15	5.0388946533203125	420.08118489583336	1.2251433537012255e-44	0.99	"[0.5279598  0.5131154  0.53392065 0.565543   0.5212031  0.5077831
 0.58176047 0.51971775 0.54059434 0.5443159  0.5246014  0.5183015
 0.516787   0.537864   0.5171354  0.5653395  0.55397034 0.52703446
 0.5635347  0.52593786 0.51410353 0.50278443 0.5640024  0.558293
 0.52308047 0.53702503 0.51973885 0.5172521  0.5582338  0.5566054
 0.5317862  0.50860566 0.5560354  0.48988333 0.5350723  0.55704844
 0.5418505  0.5175194  0.5025397  0.5210392  0.502577   0.51745063
 0.50658756 0.52542573 0.51389956 0.5205464  0.5474042  0.477647
 0.5181638  0.5054949  0.5223216  0.58012646 0.58316255 0.51133114
 0.5297919  0.5274504  0.5527354  0.52733195 0.5141973  0.50539446
 0.539675   0.49440524 0.52541095 0.5780967  0.5106443  0.4900552
 0.50785416 0.5587436  0.5470288  0.5016975  0.52897877 0.53215194
 0.5752659  0.5102626  0.55261916 0.520312   0.507524   0.5331587
 0.49309722 0.5520773  0.54047364 0.5262765  0.5644438  0.5496226
 0.53398955 0.53328204 0.5279504  0.523535   0.56489104 0.5195229
 0.51111865 0.519546   0.5434863  0.5026377  0.5615898  0.4849451
 0.5179038  0.5586326  0.55869746 0.5393858 ]"	"[[0.96530044 0.9195258  1.0564058  ... 0.93897647 0.9463503  0.96345   ]
 [1.7554466  1.9552852  2.0061922  ... 1.9480947  1.5425769  1.8002926 ]
 [1.2023815  1.0435945  1.1396315  ... 1.2196167  1.1125433  1.1532707 ]
 ...
 [2.1209552  1.8289082  1.7819507  ... 2.0300741  1.8631314  1.6841979 ]
 [1.297556   1.3485312  1.2462648  ... 1.5031408  1.4534385  1.4714862 ]
 [1.3008639  1.2722963  1.1880062  ... 1.3432001  1.2824141  1.212515  ]]"	2.3303737573633783e-35	0.88	"[0.00357143 0.00357143 0.         0.01071429 0.00357143 0.
 0.         0.         0.         0.         0.00357143 0.
 0.00357143 0.00357143 0.00357143 0.         0.01428571 0.
 0.         0.00357143 0.         0.         0.         0.
 0.00357143 0.00357143 0.         0.         0.         0.00357143
 0.00357143 0.         0.         0.         0.00714286 0.00714286
 0.00357143 0.         0.00357143 0.         0.         0.00357143
 0.00357143 0.         0.00357143 0.         0.00357143 0.00357143
 0.00357143 0.00357143 0.00357143 0.00357143 0.         0.
 0.         0.00357143 0.         0.         0.00357143 0.
 0.00357143 0.00357143 0.00714286 0.         0.00714286 0.
 0.00357143 0.00357143 0.         0.         0.00357143 0.00357143
 0.00357143 0.00357143 0.         0.00714286 0.00357143 0.00714286
 0.         0.         0.00357143 0.00357143 0.00714286 0.
 0.         0.         0.00357143 0.00357143 0.00357143 0.
 0.         0.         0.00357143 0.         0.00357143 0.
 0.         0.         0.         0.        ]"	"[[0.04285714 0.02857143 0.01071429 ... 0.02142857 0.025      0.01785714]
 [0.27857143 0.27857143 0.28571429 ... 0.28928571 0.275      0.26071429]
 [0.03571429 0.04285714 0.05357143 ... 0.03928571 0.06428571 0.07142857]
 ...
 [0.27857143 0.275      0.29642857 ... 0.33571429 0.33928571 0.31071429]
 [0.13214286 0.12857143 0.12142857 ... 0.12857143 0.12857143 0.13571429]
 [0.13571429 0.11428571 0.13928571 ... 0.12142857 0.10714286 0.10714286]]"	2.9582231534961567e-32	0.84	"[0.08040346 0.08318426 0.         0.25443968 0.08129371 0.
 0.         0.         0.         0.         0.07982833 0.
 0.0853211  0.08740602 0.08865586 0.         0.34116193 0.
 0.         0.0842137  0.         0.         0.         0.
 0.0843155  0.08919437 0.         0.         0.         0.09052563
 0.08259325 0.         0.         0.         0.18657718 0.16144019
 0.08513885 0.         0.08261771 0.         0.         0.08686177
 0.08385933 0.         0.08865586 0.         0.08968177 0.08563536
 0.08608454 0.08434099 0.08323389 0.08383413 0.         0.
 0.         0.0882074  0.         0.         0.08871224 0.
 0.08145985 0.08809599 0.17429467 0.         0.17234966 0.
 0.08568796 0.08627087 0.         0.         0.08301101 0.08232517
 0.0813174  0.08328358 0.         0.16817907 0.08770827 0.17288557
 0.         0.         0.08254438 0.08378378 0.16848485 0.
 0.         0.         0.08637771 0.08519084 0.08953787 0.
 0.         0.         0.08423913 0.         0.08773585 0.
 0.         0.         0.         0.        ]"	"[[0.21226687 0.52508751 0.39304813 ... 0.39499793 0.59182922 0.42186894]
 [3.77887952 4.67111535 4.95484848 ... 3.94230769 3.62015126 3.54189085]
 [0.94704512 1.34757835 0.90304989 ... 0.85436893 0.60647674 0.75227568]
 ...
 [4.71560145 5.04618417 4.78827093 ... 4.94765292 4.50577302 4.63548102]
 [2.94441106 1.76803498 2.3976024  ... 2.27914991 2.14872798 1.85463719]
 [1.91401525 2.09380692 1.55975437 ... 1.95419325 2.61111111 1.98871931]]"
16	15.490734100341797	562.9643229166667	1.5505547466854487e-45	1.0	"[0.5279598  0.51311535 0.53392076 0.565543   0.5212031  0.50778323
 0.5817606  0.5197178  0.54059434 0.5443159  0.5246012  0.5183016
 0.516787   0.537864   0.5171353  0.56533957 0.55397034 0.5270345
 0.5635346  0.5259379  0.5141036  0.50278425 0.5640025  0.55829275
 0.52308035 0.53702503 0.51973885 0.517252   0.5582338  0.5566054
 0.5317862  0.50860566 0.5560355  0.48988336 0.5350723  0.5570484
 0.5418505  0.5175194  0.5025399  0.52103907 0.50257695 0.51745063
 0.5065875  0.52542573 0.51389956 0.5205464  0.54740405 0.47764683
 0.5181639  0.50549495 0.5223215  0.58012676 0.58316267 0.51133114
 0.5297919  0.5274504  0.5527354  0.5273319  0.5141973  0.5053944
 0.53967506 0.49440524 0.525411   0.5780967  0.5106444  0.49005532
 0.5078542  0.55874366 0.54702884 0.50169754 0.52897877 0.53215206
 0.57526594 0.5102626  0.5526193  0.52031213 0.5075241  0.53315866
 0.49309725 0.5520773  0.54047364 0.52627665 0.56444395 0.5496227
 0.53398955 0.533282   0.5279504  0.52353495 0.5648908  0.519523
 0.51111865 0.51954603 0.54348624 0.5026378  0.5615898  0.48494506
 0.5179037  0.5586327  0.55869746 0.5393859 ]"	"[[2.29039    2.1158752  2.3003333  ... 2.3628469  1.9091977  2.361962  ]
 [1.0631461  1.0280098  1.0218302  ... 0.9643474  0.9999845  0.90304476]
 [1.4851674  1.7274966  1.4976287  ... 1.7206078  1.4208394  1.6637216 ]
 ...
 [1.0338364  1.0353576  0.9808487  ... 1.027797   0.92666095 1.1183804 ]
 [1.067238   1.09189    0.9824172  ... 1.1236341  0.8881562  0.9759232 ]
 [0.8504443  0.9128031  0.84445274 ... 0.8409111  0.8217694  0.878115  ]]"	1.5505547466854487e-45	1.0	"[0.00357143 0.00357143 0.         0.01071429 0.00357143 0.
 0.         0.         0.         0.         0.00357143 0.
 0.00357143 0.00357143 0.00357143 0.         0.01428571 0.
 0.         0.00357143 0.         0.         0.         0.
 0.00357143 0.00357143 0.         0.         0.         0.00357143
 0.00357143 0.         0.         0.         0.00714286 0.00714286
 0.00357143 0.         0.00357143 0.         0.         0.00357143
 0.00357143 0.         0.00357143 0.         0.00357143 0.00357143
 0.00357143 0.00357143 0.00357143 0.00357143 0.         0.
 0.         0.00357143 0.         0.         0.00357143 0.
 0.00357143 0.00357143 0.00714286 0.         0.00714286 0.
 0.00357143 0.00357143 0.         0.         0.00357143 0.00357143
 0.00357143 0.00357143 0.         0.00714286 0.00357143 0.00714286
 0.         0.         0.00357143 0.00357143 0.00714286 0.
 0.         0.         0.00357143 0.00357143 0.00357143 0.
 0.         0.         0.00357143 0.         0.00357143 0.
 0.         0.         0.         0.        ]"	"[[0.475      0.47857143 0.49642857 ... 0.47857143 0.43928571 0.425     ]
 [0.075      0.1        0.08214286 ... 0.06071429 0.07142857 0.09642857]
 [0.26785714 0.24285714 0.27857143 ... 0.3        0.21428571 0.275     ]
 ...
 [0.09285714 0.15       0.14642857 ... 0.07857143 0.1        0.11785714]
 [0.08928571 0.08571429 0.09642857 ... 0.08928571 0.08928571 0.09285714]
 [0.03928571 0.05357143 0.03571429 ... 0.02857143 0.03571429 0.04642857]]"	1.5505547466854487e-45	1.0	"[0.08040346 0.08318426 0.         0.25443968 0.08129371 0.
 0.         0.         0.         0.         0.07982833 0.
 0.0853211  0.08740602 0.08865586 0.         0.34116193 0.
 0.         0.0842137  0.         0.         0.         0.
 0.0843155  0.08919437 0.         0.         0.         0.09052563
 0.08259325 0.         0.         0.         0.18657718 0.16144019
 0.08513885 0.         0.08261771 0.         0.         0.08686177
 0.08385933 0.         0.08865586 0.         0.08968177 0.08563536
 0.08608454 0.08434099 0.08323389 0.08383413 0.         0.
 0.         0.0882074  0.         0.         0.08871224 0.
 0.08145985 0.08809599 0.17429467 0.         0.17234966 0.
 0.08568796 0.08627087 0.         0.         0.08301101 0.08232517
 0.0813174  0.08328358 0.         0.16817907 0.08770827 0.17288557
 0.         0.         0.08254438 0.08378378 0.16848485 0.
 0.         0.         0.08637771 0.08519084 0.08953787 0.
 0.         0.         0.08423913 0.         0.08773585 0.
 0.         0.         0.         0.        ]"	"[[11.32371984 11.68115942 11.17142857 ... 11.13013699 11.6631644
  14.14951887]
 [ 2.15158807  3.04295943  2.77358491 ...  4.23027719  2.9159943
   3.05902111]
 [10.22395129  7.51722391  8.85637439 ...  7.23425197  6.89295039
   9.36251403]
 ...
 [ 4.71412864  4.38394683  2.78508342 ...  3.66210938  4.15443425
   3.84123911]
 [ 3.47456765  3.53507014  2.3010808  ...  2.81547619  3.02972834
   2.30065359]
 [ 1.46630327  1.08528678  1.68553459 ...  2.51385928  1.43710539
   1.17748918]]"
17	5.348002910614014	450.98059895833336	1.2251433537012255e-44	0.99	"[0.5279597  0.5131155  0.5339206  0.56554306 0.52120304 0.50778335
 0.58176047 0.5197178  0.5405943  0.5443159  0.5246013  0.5183015
 0.516787   0.53786397 0.5171354  0.56533945 0.55397034 0.52703446
 0.5635347  0.5259379  0.51410353 0.50278443 0.5640025  0.55829287
 0.52308035 0.53702486 0.51973885 0.517252   0.5582338  0.5566054
 0.5317861  0.5086057  0.5560354  0.48988333 0.5350723  0.55704844
 0.5418505  0.5175194  0.50253975 0.5210392  0.5025769  0.51745063
 0.50658756 0.5254257  0.5138997  0.52054644 0.54740405 0.47764686
 0.5181638  0.5054949  0.5223215  0.5801265  0.58316267 0.5113311
 0.5297919  0.52745026 0.5527354  0.52733195 0.5141972  0.5053945
 0.53967506 0.49440533 0.52541095 0.5780967  0.5106444  0.49005517
 0.5078541  0.55874366 0.5470288  0.5016974  0.52897877 0.53215194
 0.5752659  0.5102626  0.5526192  0.520312   0.5075241  0.5331588
 0.49309725 0.5520773  0.54047364 0.52627647 0.56444377 0.5496227
 0.53398955 0.5332819  0.52795047 0.523535   0.56489086 0.51952296
 0.5111186  0.51954603 0.54348636 0.50263774 0.5615897  0.48494497
 0.51790386 0.5586327  0.55869734 0.5393857 ]"	"[[1.3502147  1.2078847  1.1140181  ... 1.2135739  1.1804725  1.2623501 ]
 [0.79299355 0.7590053  0.8656867  ... 0.8099016  0.85841393 0.8420526 ]
 [1.5726165  1.6010358  1.6345737  ... 1.358072   1.2850448  1.6225513 ]
 ...
 [1.9653698  1.8373544  1.7613783  ... 2.1183643  1.6988012  1.7362939 ]
 [0.88180035 0.92753565 0.94645846 ... 0.8934551  0.87425005 0.82059866]
 [0.8840442  0.9688916  1.0395341  ... 0.9814505  0.9049383  0.9173543 ]]"	8.236155945266508e-24	0.72	"[0.00357143 0.00357143 0.         0.01071429 0.00357143 0.
 0.         0.         0.         0.         0.00357143 0.
 0.00357143 0.00357143 0.00357143 0.         0.01428571 0.
 0.         0.00357143 0.         0.         0.         0.
 0.00357143 0.00357143 0.         0.         0.         0.00357143
 0.00357143 0.         0.         0.         0.00714286 0.00714286
 0.00357143 0.         0.00357143 0.         0.         0.00357143
 0.00357143 0.         0.00357143 0.         0.00357143 0.00357143
 0.00357143 0.00357143 0.00357143 0.00357143 0.         0.
 0.         0.00357143 0.         0.         0.00357143 0.
 0.00357143 0.00357143 0.00714286 0.         0.00714286 0.
 0.00357143 0.00357143 0.         0.         0.00357143 0.00357143
 0.00357143 0.00357143 0.         0.00714286 0.00357143 0.00714286
 0.         0.         0.00357143 0.00357143 0.00714286 0.
 0.         0.         0.00357143 0.00357143 0.00357143 0.
 0.         0.         0.00357143 0.         0.00357143 0.
 0.         0.         0.         0.        ]"	"[[0.08571429 0.06428571 0.07857143 ... 0.06071429 0.075      0.03571429]
 [0.00357143 0.00357143 0.00357143 ... 0.00357143 0.         0.00714286]
 [0.14285714 0.15       0.15357143 ... 0.175      0.19642857 0.16785714]
 ...
 [0.27857143 0.2        0.24642857 ... 0.27142857 0.25357143 0.28571429]
 [0.01785714 0.01785714 0.02142857 ... 0.02142857 0.01428571 0.00357143]
 [0.01071429 0.01428571 0.00357143 ... 0.01428571 0.02857143 0.02142857]]"	3.963236740975939e-16	0.5900000000000001	"[0.08040346 0.08318426 0.         0.25443968 0.08129371 0.
 0.         0.         0.         0.         0.07982833 0.
 0.0853211  0.08740602 0.08865586 0.         0.34116193 0.
 0.         0.0842137  0.         0.         0.         0.
 0.0843155  0.08919437 0.         0.         0.         0.09052563
 0.08259325 0.         0.         0.         0.18657718 0.16144019
 0.08513885 0.         0.08261771 0.         0.         0.08686177
 0.08385933 0.         0.08865586 0.         0.08968177 0.08563536
 0.08608454 0.08434099 0.08323389 0.08383413 0.         0.
 0.         0.0882074  0.         0.         0.08871224 0.
 0.08145985 0.08809599 0.17429467 0.         0.17234966 0.
 0.08568796 0.08627087 0.         0.         0.08301101 0.08232517
 0.0813174  0.08328358 0.         0.16817907 0.08770827 0.17288557
 0.         0.         0.08254438 0.08378378 0.16848485 0.
 0.         0.         0.08637771 0.08519084 0.08953787 0.
 0.         0.         0.08423913 0.         0.08773585 0.
 0.         0.         0.         0.        ]"	"[[0.80732805 0.77286136 0.50886076 ... 0.64891147 0.66772052 0.70725855]
 [0.11238842 0.07024637 0.         ... 0.03816167 0.07393617 0.        ]
 [1.84676617 1.39807184 2.0226967  ... 2.35871666 1.77627376 1.57657797]
 ...
 [2.84828102 3.29461162 3.1558669  ... 2.63809358 3.06822335 3.20528866]
 [0.07594591 0.07602899 0.07099987 ... 0.12265683 0.25982325 0.17185554]
 [0.29840922 0.08034682 0.25398724 ... 0.25869394 0.18892553 0.0777079 ]]"
18	4.2608232498168945	592.8665364583334	1.5505547466854487e-45	1.0	"[0.5279598  0.5131154  0.53392065 0.5655431  0.5212031  0.5077831
 0.5817605  0.5197178  0.5405943  0.5443159  0.5246013  0.5183015
 0.516787   0.5378639  0.51713526 0.5653396  0.55397046 0.5270346
 0.5635346  0.525938   0.5141035  0.5027843  0.5640024  0.558293
 0.52308035 0.53702503 0.519739   0.517252   0.5582336  0.5566055
 0.53178614 0.5086058  0.55603546 0.48988333 0.53507227 0.5570485
 0.54185045 0.51751935 0.50253975 0.5210392  0.502577   0.51745063
 0.5065876  0.5254257  0.51389956 0.5205463  0.547404   0.47764686
 0.51816386 0.505495   0.5223216  0.58012664 0.58316267 0.511331
 0.5297918  0.52745044 0.5527354  0.527332   0.51419723 0.5053944
 0.5396751  0.49440518 0.525411   0.57809657 0.51064444 0.4900551
 0.50785404 0.55874366 0.5470288  0.50169754 0.5289788  0.53215194
 0.5752659  0.51026255 0.5526192  0.5203121  0.50752413 0.5331587
 0.49309725 0.5520773  0.5404734  0.5262764  0.5644439  0.5496227
 0.53398955 0.5332819  0.52795035 0.5235352  0.56489086 0.51952296
 0.5111187  0.5195459  0.54348624 0.5026377  0.5615898  0.48494506
 0.5179038  0.5586326  0.5586974  0.5393858 ]"	"[[1.5325106  1.3333671  1.5208445  ... 1.5491526  1.3923199  1.5730609 ]
 [1.9907118  1.8041712  1.8145753  ... 1.60504    1.56478    1.8407334 ]
 [1.0474794  0.9836737  1.1067351  ... 1.0525038  1.0762669  1.1105226 ]
 ...
 [1.339325   1.7026668  1.4794943  ... 1.2722639  1.3794972  1.7714448 ]
 [0.93422556 0.87272084 0.9806822  ... 0.9658527  0.8384364  0.94404906]
 [1.8543453  1.6551527  2.0369756  ... 1.7035929  2.0193     2.2778776 ]]"	1.2251433537012255e-44	0.99	"[0.00357143 0.00357143 0.         0.01071429 0.00357143 0.
 0.         0.         0.         0.         0.00357143 0.
 0.00357143 0.00357143 0.00357143 0.         0.01428571 0.
 0.         0.00357143 0.         0.         0.         0.
 0.00357143 0.00357143 0.         0.         0.         0.00357143
 0.00357143 0.         0.         0.         0.00714286 0.00714286
 0.00357143 0.         0.00357143 0.         0.         0.00357143
 0.00357143 0.         0.00357143 0.         0.00357143 0.00357143
 0.00357143 0.00357143 0.00357143 0.00357143 0.         0.
 0.         0.00357143 0.         0.         0.00357143 0.
 0.00357143 0.00357143 0.00714286 0.         0.00714286 0.
 0.00357143 0.00357143 0.         0.         0.00357143 0.00357143
 0.00357143 0.00357143 0.         0.00714286 0.00357143 0.00714286
 0.         0.         0.00357143 0.00357143 0.00714286 0.
 0.         0.         0.00357143 0.00357143 0.00357143 0.
 0.         0.         0.00357143 0.         0.00357143 0.
 0.         0.         0.         0.        ]"	"[[0.28571429 0.22142857 0.275      ... 0.28571429 0.27142857 0.25      ]
 [0.35357143 0.34285714 0.32857143 ... 0.35714286 0.375      0.36071429]
 [0.12142857 0.12142857 0.11785714 ... 0.15357143 0.12142857 0.12142857]
 ...
 [0.225      0.27857143 0.25357143 ... 0.27142857 0.22857143 0.225     ]
 [0.075      0.08571429 0.05357143 ... 0.05714286 0.07142857 0.08928571]
 [0.425      0.43928571 0.45       ... 0.42142857 0.41071429 0.425     ]]"	1.5505547466854487e-45	1.0	"[0.08040346 0.08318426 0.         0.25443968 0.08129371 0.
 0.         0.         0.         0.         0.07982833 0.
 0.0853211  0.08740602 0.08865586 0.         0.34116193 0.
 0.         0.0842137  0.         0.         0.         0.
 0.0843155  0.08919437 0.         0.         0.         0.09052563
 0.08259325 0.         0.         0.         0.18657718 0.16144019
 0.08513885 0.         0.08261771 0.         0.         0.08686177
 0.08385933 0.         0.08865586 0.         0.08968177 0.08563536
 0.08608454 0.08434099 0.08323389 0.08383413 0.         0.
 0.         0.0882074  0.         0.         0.08871224 0.
 0.08145985 0.08809599 0.17429467 0.         0.17234966 0.
 0.08568796 0.08627087 0.         0.         0.08301101 0.08232517
 0.0813174  0.08328358 0.         0.16817907 0.08770827 0.17288557
 0.         0.         0.08254438 0.08378378 0.16848485 0.
 0.         0.         0.08637771 0.08519084 0.08953787 0.
 0.         0.         0.08423913 0.         0.08773585 0.
 0.         0.         0.         0.        ]"	"[[12.48049922  9.60363392 12.08035714 ... 12.47600619  8.57070387
   7.70095694]
 [15.25285481 16.47879359 11.85770751 ... 14.89267462 15.55784062
  14.4       ]
 [ 5.69291339  3.93081761  4.58178752 ...  4.56936598  5.81113801
   4.79214403]
 ...
 [10.37119114  9.20290771 13.54112903 ... 12.13882702 10.42796908
   8.61989796]
 [ 2.68872802  2.1996456   3.85747664 ...  3.20677966  2.95002974
   3.31212938]
 [20.66561181 15.18238504 16.28751048 ... 22.48735632 16.21244813
  12.38471761]]"
19	5.265024662017822	715.2733723958333	1.5505547466854487e-45	1.0	"[0.5279597  0.51311535 0.5339205  0.56554294 0.52120316 0.50778335
 0.5817605  0.51971775 0.54059434 0.5443159  0.52460146 0.5183014
 0.516787   0.5378639  0.5171354  0.5653395  0.55397034 0.52703434
 0.5635347  0.525938   0.51410353 0.5027843  0.5640025  0.5582928
 0.5230804  0.53702503 0.51973885 0.51725197 0.5582339  0.5566054
 0.5317862  0.5086057  0.5560354  0.48988324 0.5350723  0.5570484
 0.5418505  0.5175194  0.5025397  0.52103907 0.50257707 0.51745063
 0.50658756 0.5254256  0.51389945 0.5205463  0.5474041  0.47764686
 0.51816374 0.5054949  0.5223217  0.5801266  0.58316267 0.51133114
 0.5297919  0.5274506  0.5527354  0.5273319  0.5141971  0.5053945
 0.539675   0.49440524 0.52541095 0.5780967  0.5106444  0.4900551
 0.5078543  0.5587436  0.5470288  0.5016975  0.5289788  0.53215206
 0.5752659  0.51026267 0.55261916 0.5203122  0.5075242  0.53315866
 0.49309736 0.55207723 0.5404736  0.5262765  0.56444377 0.5496226
 0.53398955 0.53328204 0.52795035 0.52353513 0.5648908  0.5195229
 0.5111187  0.51954603 0.54348636 0.5026376  0.5615898  0.48494497
 0.5179037  0.5586327  0.55869746 0.53938586]"	"[[1.0200504  1.0035357  0.94123983 ... 1.089736   0.97023815 0.99498206]
 [0.749476   0.7528829  0.7511671  ... 0.75858057 0.7561843  0.7718377 ]
 [1.4240717  1.7961824  1.5100824  ... 1.7737833  1.6252806  1.5362729 ]
 ...
 [0.8758278  0.8770348  0.8585666  ... 0.8164396  0.7721263  0.76575303]
 [1.0870582  1.0365435  1.1014833  ... 1.0026832  0.9536175  0.9761331 ]
 [1.4467963  1.5456623  1.3148986  ... 1.2972924  1.5096331  1.4387677 ]]"	1.5505547466854487e-45	1.0	"[0.00357143 0.00357143 0.         0.01071429 0.00357143 0.
 0.         0.         0.         0.         0.00357143 0.
 0.00357143 0.00357143 0.00357143 0.         0.01428571 0.
 0.         0.00357143 0.         0.         0.         0.
 0.00357143 0.00357143 0.         0.         0.         0.00357143
 0.00357143 0.         0.         0.         0.00714286 0.00714286
 0.00357143 0.         0.00357143 0.         0.         0.00357143
 0.00357143 0.         0.00357143 0.         0.00357143 0.00357143
 0.00357143 0.00357143 0.00357143 0.00357143 0.         0.
 0.         0.00357143 0.         0.         0.00357143 0.
 0.00357143 0.00357143 0.00714286 0.         0.00714286 0.
 0.00357143 0.00357143 0.         0.         0.00357143 0.00357143
 0.00357143 0.00357143 0.         0.00714286 0.00357143 0.00714286
 0.         0.         0.00357143 0.00357143 0.00714286 0.
 0.         0.         0.00357143 0.00357143 0.00357143 0.
 0.         0.         0.00357143 0.         0.00357143 0.
 0.         0.         0.         0.        ]"	"[[0.12142857 0.12857143 0.11785714 ... 0.11071429 0.08571429 0.10714286]
 [0.04642857 0.05714286 0.02857143 ... 0.03928571 0.05357143 0.05714286]
 [0.30714286 0.34642857 0.29285714 ... 0.34285714 0.39642857 0.30714286]
 ...
 [0.07142857 0.07857143 0.07857143 ... 0.06428571 0.07142857 0.06785714]
 [0.12857143 0.11785714 0.125      ... 0.12142857 0.10714286 0.1       ]
 [0.25357143 0.28571429 0.275      ... 0.325      0.3        0.23928571]]"	1.5505547466854487e-45	1.0	"[0.08040346 0.08318426 0.         0.25443968 0.08129371 0.
 0.         0.         0.         0.         0.07982833 0.
 0.0853211  0.08740602 0.08865586 0.         0.34116193 0.
 0.         0.0842137  0.         0.         0.         0.
 0.0843155  0.08919437 0.         0.         0.         0.09052563
 0.08259325 0.         0.         0.         0.18657718 0.16144019
 0.08513885 0.         0.08261771 0.         0.         0.08686177
 0.08385933 0.         0.08865586 0.         0.08968177 0.08563536
 0.08608454 0.08434099 0.08323389 0.08383413 0.         0.
 0.         0.0882074  0.         0.         0.08871224 0.
 0.08145985 0.08809599 0.17429467 0.         0.17234966 0.
 0.08568796 0.08627087 0.         0.         0.08301101 0.08232517
 0.0813174  0.08328358 0.         0.16817907 0.08770827 0.17288557
 0.         0.         0.08254438 0.08378378 0.16848485 0.
 0.         0.         0.08637771 0.08519084 0.08953787 0.
 0.         0.         0.08423913 0.         0.08773585 0.
 0.         0.         0.         0.        ]"	"[[ 4.44102179  4.68214997  5.15886076 ...  5.84924966  5.12995896
   4.90498652]
 [ 2.93129771  2.47928571  3.48816568 ...  2.52303523  2.41544885
   2.49932886]
 [16.13432836 15.63636364 17.69142857 ... 19.25344645 15.52561837
  17.59530792]
 ...
 [ 3.21654676  3.18004046  3.4922767  ...  3.33333333  4.00847458
   1.13547237]
 [ 5.97408638  5.77367206  6.20477569 ...  5.65614939  7.09531502
   6.89160086]
 [13.42869416 10.94536817 15.1179941  ... 15.06591337 15.41129032
  19.35768811]]"
